{"Shots on Goal":{"home":"3","away":"3"},"Shots off Goal":{"home":"13","away":"1"},"Total Shots":{"home":"22","away":"5"},"Blocked Shots":{"home":"6","away":"1"},"Shots insidebox":{"home":"14","away":"5"},"Shots outsidebox":{"home":"8","away":"0"},"Fouls":{"home":"8","away":"18"},"Corner Kicks":{"home":"8","away":"1"},"Offsides":{"home":null,"away":null},"Ball Possession":{"home":"71%","away":"29%"},"Yellow Cards":{"home":"2","away":"4"},"Red Cards":{"home":null,"away":null},"Goalkeeper Saves":{"home":"1","away":"2"},"Total passes":{"home":"553","away":"227"},"Passes accurate":{"home":"474","away":"141"},"Passes %":{"home":"86%","away":"62%"}}