{"Shots on Goal":{"home":"8","away":"3"},"Shots off Goal":{"home":"3","away":"7"},"Total Shots":{"home":"15","away":"10"},"Blocked Shots":{"home":"4","away":"0"},"Shots insidebox":{"home":"12","away":"8"},"Shots outsidebox":{"home":"3","away":"2"},"Fouls":{"home":"9","away":"11"},"Corner Kicks":{"home":"7","away":"5"},"Offsides":{"home":"2","away":"1"},"Ball Possession":{"home":"63%","away":"37%"},"Yellow Cards":{"home":"1","away":"3"},"Red Cards":{"home":null,"away":null},"Goalkeeper Saves":{"home":"2","away":"5"},"Total passes":{"home":"593","away":"329"},"Passes accurate":{"home":"521","away":"264"},"Passes %":{"home":"88%","away":"80%"}}