{"Shots on Goal":{"home":"7","away":"5"},"Shots off Goal":{"home":"2","away":"4"},"Total Shots":{"home":"10","away":"19"},"Blocked Shots":{"home":"1","away":"10"},"Shots insidebox":{"home":"8","away":"15"},"Shots outsidebox":{"home":"2","away":"4"},"Fouls":{"home":"7","away":"13"},"Corner Kicks":{"home":"4","away":"5"},"Offsides":{"home":"2","away":"4"},"Ball Possession":{"home":"26%","away":"74%"},"Yellow Cards":{"home":"1","away":"3"},"Red Cards":{"home":null,"away":null},"Goalkeeper Saves":{"home":"2","away":"6"},"Total passes":{"home":"249","away":"728"},"Passes accurate":{"home":"179","away":"648"},"Passes %":{"home":"72%","away":"89%"}}