{"Shots on Goal":{"home":"2","away":"2"},"Shots off Goal":{"home":"6","away":"3"},"Total Shots":{"home":"18","away":"7"},"Blocked Shots":{"home":"10","away":"2"},"Shots insidebox":{"home":"9","away":"4"},"Shots outsidebox":{"home":"9","away":"3"},"Fouls":{"home":"11","away":"14"},"Corner Kicks":{"home":"9","away":"1"},"Offsides":{"home":"1","away":"2"},"Ball Possession":{"home":"76%","away":"24%"},"Yellow Cards":{"home":"5","away":"2"},"Red Cards":{"home":null,"away":null},"Goalkeeper Saves":{"home":"0","away":"2"},"Total passes":{"home":"715","away":"230"},"Passes accurate":{"home":"634","away":"149"},"Passes %":{"home":"89%","away":"65%"}}