{"Shots on Goal":{"home":"5","away":"3"},"Shots off Goal":{"home":"3","away":"5"},"Total Shots":{"home":"13","away":"13"},"Blocked Shots":{"home":"5","away":"5"},"Shots insidebox":{"home":"8","away":"8"},"Shots outsidebox":{"home":"5","away":"5"},"Fouls":{"home":"5","away":"11"},"Corner Kicks":{"home":"6","away":"5"},"Offsides":{"home":"6","away":"0"},"Ball Possession":{"home":"48%","away":"52%"},"Yellow Cards":{"home":"2","away":"3"},"Red Cards":{"home":null,"away":null},"Goalkeeper Saves":{"home":"3","away":"4"},"Total passes":{"home":"468","away":"498"},"Passes accurate":{"home":"359","away":"384"},"Passes %":{"home":"77%","away":"77%"}}