{"Shots on Goal":{"home":"6","away":"2"},"Shots off Goal":{"home":"8","away":"1"},"Total Shots":{"home":"15","away":"6"},"Blocked Shots":{"home":"1","away":"3"},"Shots insidebox":{"home":"10","away":"5"},"Shots outsidebox":{"home":"5","away":"1"},"Fouls":{"home":"10","away":"6"},"Corner Kicks":{"home":"8","away":"1"},"Offsides":{"home":"1","away":"3"},"Ball Possession":{"home":"53%","away":"47%"},"Yellow Cards":{"home":"1","away":"1"},"Red Cards":{"home":null,"away":null},"Goalkeeper Saves":{"home":"1","away":"2"},"Total passes":{"home":"598","away":"523"},"Passes accurate":{"home":"535","away":"454"},"Passes %":{"home":"89%","away":"87%"}}