{"Shots on Goal":{"home":"2","away":"3"},"Shots off Goal":{"home":"5","away":"5"},"Total Shots":{"home":"12","away":"12"},"Blocked Shots":{"home":"5","away":"4"},"Shots insidebox":{"home":"4","away":"7"},"Shots outsidebox":{"home":"8","away":"5"},"Fouls":{"home":"12","away":"10"},"Corner Kicks":{"home":"4","away":"6"},"Offsides":{"home":"1","away":"2"},"Ball Possession":{"home":"31%","away":"69%"},"Yellow Cards":{"home":"3","away":"3"},"Red Cards":{"home":null,"away":null},"Goalkeeper Saves":{"home":"3","away":"1"},"Total passes":{"home":"281","away":"594"},"Passes accurate":{"home":"204","away":"512"},"Passes %":{"home":"73%","away":"86%"}}