{"Shots on Goal":{"home":"2","away":"4"},"Shots off Goal":{"home":"6","away":"9"},"Total Shots":{"home":"12","away":"16"},"Blocked Shots":{"home":"4","away":"3"},"Shots insidebox":{"home":"11","away":"8"},"Shots outsidebox":{"home":"1","away":"8"},"Fouls":{"home":"8","away":"4"},"Corner Kicks":{"home":"6","away":"5"},"Offsides":{"home":"0","away":"1"},"Ball Possession":{"home":"29%","away":"71%"},"Yellow Cards":{"home":"1","away":"1"},"Red Cards":{"home":null,"away":null},"Goalkeeper Saves":{"home":"3","away":"2"},"Total passes":{"home":"286","away":"695"},"Passes accurate":{"home":"188","away":"595"},"Passes %":{"home":"66%","away":"86%"}}