{"Shots on Goal":{"home":"3","away":"8"},"Shots off Goal":{"home":"3","away":"6"},"Total Shots":{"home":"7","away":"25"},"Blocked Shots":{"home":"1","away":"11"},"Shots insidebox":{"home":"6","away":"18"},"Shots outsidebox":{"home":"1","away":"7"},"Fouls":{"home":"8","away":"7"},"Corner Kicks":{"home":"3","away":"16"},"Offsides":{"home":"1","away":"0"},"Ball Possession":{"home":"31%","away":"69%"},"Yellow Cards":{"home":"3","away":"1"},"Red Cards":{"home":null,"away":null},"Goalkeeper Saves":{"home":"6","away":"0"},"Total passes":{"home":"314","away":"666"},"Passes accurate":{"home":"233","away":"590"},"Passes %":{"home":"74%","away":"89%"}}