{"Shots on Goal":{"home":"2","away":"10"},"Shots off Goal":{"home":"3","away":"8"},"Total Shots":{"home":"7","away":"21"},"Blocked Shots":{"home":"2","away":"3"},"Shots insidebox":{"home":"5","away":"17"},"Shots outsidebox":{"home":"2","away":"4"},"Fouls":{"home":"8","away":"10"},"Corner Kicks":{"home":"1","away":"8"},"Offsides":{"home":"3","away":"2"},"Ball Possession":{"home":"28%","away":"72%"},"Yellow Cards":{"home":"1","away":"1"},"Red Cards":{"home":null,"away":null},"Goalkeeper Saves":{"home":"9","away":"2"},"Total passes":{"home":"276","away":"682"},"Passes accurate":{"home":"207","away":"595"},"Passes %":{"home":"75%","away":"87%"}}