{"Shots on Goal":{"home":"4","away":"4"},"Shots off Goal":{"home":"5","away":"3"},"Total Shots":{"home":"13","away":"13"},"Blocked Shots":{"home":"4","away":"6"},"Shots insidebox":{"home":"6","away":"7"},"Shots outsidebox":{"home":"7","away":"6"},"Fouls":{"home":"7","away":"10"},"Corner Kicks":{"home":"6","away":"7"},"Offsides":{"home":"1","away":"0"},"Ball Possession":{"home":"50%","away":"50%"},"Yellow Cards":{"home":"2","away":"3"},"Red Cards":{"home":"0","away":"1"},"Goalkeeper Saves":{"home":"3","away":"4"},"Total passes":{"home":"452","away":"435"},"Passes accurate":{"home":"356","away":"337"},"Passes %":{"home":"79%","away":"77%"}}