{"Shots on Goal":{"home":"3","away":"3"},"Shots off Goal":{"home":"6","away":"2"},"Total Shots":{"home":"15","away":"10"},"Blocked Shots":{"home":"6","away":"5"},"Shots insidebox":{"home":"12","away":"7"},"Shots outsidebox":{"home":"3","away":"3"},"Fouls":{"home":"14","away":"10"},"Corner Kicks":{"home":"5","away":"5"},"Offsides":{"home":"2","away":"1"},"Ball Possession":{"home":"44%","away":"56%"},"Yellow Cards":{"home":"3","away":"1"},"Red Cards":{"home":null,"away":null},"Goalkeeper Saves":{"home":"3","away":"1"},"Total passes":{"home":"411","away":"514"},"Passes accurate":{"home":"327","away":"429"},"Passes %":{"home":"80%","away":"83%"}}