{"Shots on Goal":{"home":"7","away":"5"},"Shots off Goal":{"home":"5","away":"6"},"Total Shots":{"home":"15","away":"12"},"Blocked Shots":{"home":"3","away":"1"},"Shots insidebox":{"home":"11","away":"8"},"Shots outsidebox":{"home":"4","away":"4"},"Fouls":{"home":"9","away":"9"},"Corner Kicks":{"home":"11","away":"2"},"Offsides":{"home":"0","away":"5"},"Ball Possession":{"home":"58%","away":"42%"},"Yellow Cards":{"home":"0","away":"2"},"Red Cards":{"home":null,"away":null},"Goalkeeper Saves":{"home":"4","away":"4"},"Total passes":{"home":"477","away":"361"},"Passes accurate":{"home":"387","away":"277"},"Passes %":{"home":"81%","away":"77%"}}