{"Shots on Goal":{"home":"4","away":"5"},"Shots off Goal":{"home":"6","away":"3"},"Total Shots":{"home":"16","away":"10"},"Blocked Shots":{"home":"6","away":"2"},"Shots insidebox":{"home":"4","away":"8"},"Shots outsidebox":{"home":"12","away":"2"},"Fouls":{"home":"18","away":"13"},"Corner Kicks":{"home":"8","away":"7"},"Offsides":{"home":"2","away":"4"},"Ball Possession":{"home":"55%","away":"45%"},"Yellow Cards":{"home":"4","away":"2"},"Red Cards":{"home":null,"away":null},"Goalkeeper Saves":{"home":"4","away":"3"},"Total passes":{"home":"439","away":"353"},"Passes accurate":{"home":"350","away":"273"},"Passes %":{"home":"80%","away":"77%"}}