{"Shots on Goal":{"home":"5","away":"7"},"Shots off Goal":{"home":"2","away":"7"},"Total Shots":{"home":"11","away":"18"},"Blocked Shots":{"home":"4","away":"4"},"Shots insidebox":{"home":"7","away":"9"},"Shots outsidebox":{"home":"4","away":"9"},"Fouls":{"home":"15","away":"13"},"Corner Kicks":{"home":"3","away":"5"},"Offsides":{"home":"2","away":"0"},"Ball Possession":{"home":"46%","away":"54%"},"Yellow Cards":{"home":"3","away":"4"},"Red Cards":{"home":null,"away":null},"Goalkeeper Saves":{"home":"7","away":"1"},"Total passes":{"home":"449","away":"523"},"Passes accurate":{"home":"364","away":"442"},"Passes %":{"home":"81%","away":"85%"}}