{"Shots on Goal":{"home":"3","away":"2"},"Shots off Goal":{"home":"4","away":"4"},"Total Shots":{"home":"9","away":"11"},"Blocked Shots":{"home":"2","away":"5"},"Shots insidebox":{"home":"6","away":"9"},"Shots outsidebox":{"home":"3","away":"2"},"Fouls":{"home":"5","away":"12"},"Corner Kicks":{"home":"7","away":"9"},"Offsides":{"home":"5","away":"1"},"Ball Possession":{"home":"40%","away":"60%"},"Yellow Cards":{"home":"2","away":"3"},"Red Cards":{"home":"0","away":"1"},"Goalkeeper Saves":{"home":"2","away":"2"},"Total passes":{"home":"320","away":"464"},"Passes accurate":{"home":"211","away":"353"},"Passes %":{"home":"66%","away":"76%"}}