{"Shots on Goal":{"home":"4","away":"3"},"Shots off Goal":{"home":"9","away":"4"},"Total Shots":{"home":"16","away":"8"},"Blocked Shots":{"home":"3","away":"1"},"Shots insidebox":{"home":"11","away":"4"},"Shots outsidebox":{"home":"5","away":"4"},"Fouls":{"home":"11","away":"10"},"Corner Kicks":{"home":"8","away":"6"},"Offsides":{"home":"2","away":"4"},"Ball Possession":{"home":"56%","away":"44%"},"Yellow Cards":{"home":"0","away":"2"},"Red Cards":{"home":null,"away":null},"Goalkeeper Saves":{"home":"2","away":"3"},"Total passes":{"home":"487","away":"374"},"Passes accurate":{"home":"389","away":"276"},"Passes %":{"home":"80%","away":"74%"}}