{"Shots on Goal":{"home":"6","away":"3"},"Shots off Goal":{"home":"5","away":"3"},"Total Shots":{"home":"17","away":"8"},"Blocked Shots":{"home":"6","away":"2"},"Shots insidebox":{"home":"10","away":"3"},"Shots outsidebox":{"home":"7","away":"5"},"Fouls":{"home":"11","away":"7"},"Corner Kicks":{"home":"4","away":"4"},"Offsides":{"home":"1","away":"1"},"Ball Possession":{"home":"47%","away":"53%"},"Yellow Cards":{"home":"2","away":"1"},"Red Cards":{"home":null,"away":null},"Goalkeeper Saves":{"home":"3","away":"3"},"Total passes":{"home":"494","away":"547"},"Passes accurate":{"home":"405","away":"452"},"Passes %":{"home":"82%","away":"83%"}}