{"Shots on Goal":{"home":"8","away":"5"},"Shots off Goal":{"home":"8","away":"8"},"Total Shots":{"home":"24","away":"20"},"Blocked Shots":{"home":"8","away":"7"},"Shots insidebox":{"home":"16","away":"11"},"Shots outsidebox":{"home":"8","away":"9"},"Fouls":{"home":"9","away":"17"},"Corner Kicks":{"home":"7","away":"5"},"Offsides":{"home":"1","away":"0"},"Ball Possession":{"home":"48%","away":"52%"},"Yellow Cards":{"home":"1","away":"4"},"Red Cards":{"home":"0","away":"1"},"Goalkeeper Saves":{"home":"4","away":"6"},"Total passes":{"home":"441","away":"475"},"Passes accurate":{"home":"371","away":"398"},"Passes %":{"home":"84%","away":"84%"}}