{"Shots on Goal":{"home":"2","away":"5"},"Shots off Goal":{"home":"4","away":"6"},"Total Shots":{"home":"6","away":"14"},"Blocked Shots":{"home":"0","away":"3"},"Shots insidebox":{"home":"6","away":"10"},"Shots outsidebox":{"home":"0","away":"4"},"Fouls":{"home":"5","away":"6"},"Corner Kicks":{"home":"1","away":"6"},"Offsides":{"home":"2","away":"1"},"Ball Possession":{"home":"39%","away":"61%"},"Yellow Cards":{"home":"0","away":"1"},"Red Cards":{"home":null,"away":null},"Goalkeeper Saves":{"home":"5","away":"1"},"Total passes":{"home":"404","away":"627"},"Passes accurate":{"home":"311","away":"529"},"Passes %":{"home":"77%","away":"84%"}}