{"Shots on Goal":{"home":"7","away":"4"},"Shots off Goal":{"home":"14","away":"2"},"Total Shots":{"home":"31","away":"7"},"Blocked Shots":{"home":"10","away":"1"},"Shots insidebox":{"home":"17","away":"4"},"Shots outsidebox":{"home":"14","away":"3"},"Fouls":{"home":"13","away":"9"},"Corner Kicks":{"home":"14","away":"0"},"Offsides":{"home":"1","away":"0"},"Ball Possession":{"home":"69%","away":"31%"},"Yellow Cards":{"home":"1","away":"0"},"Red Cards":{"home":null,"away":null},"Goalkeeper Saves":{"home":"3","away":"3"},"Total passes":{"home":"587","away":"262"},"Passes accurate":{"home":"525","away":"200"},"Passes %":{"home":"89%","away":"76%"}}