{"Shots on Goal":{"home":"2","away":"3"},"Shots off Goal":{"home":"8","away":"2"},"Total Shots":{"home":"17","away":"8"},"Blocked Shots":{"home":"7","away":"3"},"Shots insidebox":{"home":"8","away":"7"},"Shots outsidebox":{"home":"9","away":"1"},"Fouls":{"home":"10","away":"5"},"Corner Kicks":{"home":"6","away":"6"},"Offsides":{"home":"1","away":"4"},"Ball Possession":{"home":"79%","away":"21%"},"Yellow Cards":{"home":"2","away":"2"},"Red Cards":{"home":null,"away":null},"Goalkeeper Saves":{"home":"2","away":"2"},"Total passes":{"home":"760","away":"194"},"Passes accurate":{"home":"689","away":"140"},"Passes %":{"home":"91%","away":"72%"}}