{"Shots on Goal":{"home":"3","away":"3"},"Shots off Goal":{"home":"4","away":"2"},"Total Shots":{"home":"11","away":"5"},"Blocked Shots":{"home":"4","away":"0"},"Shots insidebox":{"home":"4","away":"3"},"Shots outsidebox":{"home":"7","away":"2"},"Fouls":{"home":"15","away":"11"},"Corner Kicks":{"home":"5","away":"2"},"Offsides":{"home":"0","away":"3"},"Ball Possession":{"home":"48%","away":"52%"},"Yellow Cards":{"home":"0","away":"1"},"Red Cards":{"home":null,"away":null},"Goalkeeper Saves":{"home":"1","away":"3"},"Total passes":{"home":"415","away":"442"},"Passes accurate":{"home":"325","away":"347"},"Passes %":{"home":"78%","away":"79%"}}