{"Shots on Goal":{"home":"10","away":"4"},"Shots off Goal":{"home":"5","away":"3"},"Total Shots":{"home":"19","away":"8"},"Blocked Shots":{"home":"4","away":"1"},"Shots insidebox":{"home":"12","away":"5"},"Shots outsidebox":{"home":"7","away":"3"},"Fouls":{"home":"15","away":"15"},"Corner Kicks":{"home":"11","away":"2"},"Offsides":{"home":"9","away":"4"},"Ball Possession":{"home":"51%","away":"49%"},"Yellow Cards":{"home":"2","away":"2"},"Red Cards":{"home":null,"away":null},"Goalkeeper Saves":{"home":"4","away":"9"},"Total passes":{"home":"390","away":"384"},"Passes accurate":{"home":"290","away":"264"},"Passes %":{"home":"74%","away":"69%"}}