{"Shots on Goal":{"home":"9","away":"5"},"Shots off Goal":{"home":"4","away":"9"},"Total Shots":{"home":"16","away":"18"},"Blocked Shots":{"home":"3","away":"4"},"Shots insidebox":{"home":"9","away":"13"},"Shots outsidebox":{"home":"7","away":"5"},"Fouls":{"home":"13","away":"11"},"Corner Kicks":{"home":"10","away":"7"},"Offsides":{"home":"5","away":"1"},"Ball Possession":{"home":"67%","away":"33%"},"Yellow Cards":{"home":"2","away":"1"},"Red Cards":{"home":null,"away":null},"Goalkeeper Saves":{"home":"3","away":"7"},"Total passes":{"home":"529","away":"234"},"Passes accurate":{"home":"446","away":"155"},"Passes %":{"home":"84%","away":"66%"}}