{"Shots on Goal":{"home":"5","away":"1"},"Shots off Goal":{"home":"4","away":"5"},"Total Shots":{"home":"10","away":"13"},"Blocked Shots":{"home":"1","away":"7"},"Shots insidebox":{"home":"5","away":"6"},"Shots outsidebox":{"home":"5","away":"7"},"Fouls":{"home":"13","away":"12"},"Corner Kicks":{"home":"2","away":"4"},"Offsides":{"home":"3","away":"3"},"Ball Possession":{"home":"46%","away":"54%"},"Yellow Cards":{"home":"2","away":"3"},"Red Cards":{"home":"0","away":"1"},"Goalkeeper Saves":{"home":"1","away":"5"},"Total passes":{"home":"408","away":"466"},"Passes accurate":{"home":"329","away":"386"},"Passes %":{"home":"81%","away":"83%"}}