{"Shots on Goal":{"home":"5","away":"3"},"Shots off Goal":{"home":"6","away":"4"},"Total Shots":{"home":"25","away":"9"},"Blocked Shots":{"home":"14","away":"2"},"Shots insidebox":{"home":"17","away":"4"},"Shots outsidebox":{"home":"8","away":"5"},"Fouls":{"home":"8","away":"5"},"Corner Kicks":{"home":"6","away":"4"},"Offsides":{"home":"1","away":"5"},"Ball Possession":{"home":"52%","away":"48%"},"Yellow Cards":{"home":"1","away":"1"},"Red Cards":{"home":null,"away":null},"Goalkeeper Saves":{"home":"2","away":"2"},"Total passes":{"home":"548","away":"496"},"Passes accurate":{"home":"470","away":"429"},"Passes %":{"home":"86%","away":"86%"}}