{"Shots on Goal":{"home":"7","away":"4"},"Shots off Goal":{"home":"9","away":"4"},"Total Shots":{"home":"22","away":"12"},"Blocked Shots":{"home":"6","away":"4"},"Shots insidebox":{"home":"13","away":"8"},"Shots outsidebox":{"home":"9","away":"4"},"Fouls":{"home":"10","away":"13"},"Corner Kicks":{"home":"10","away":"5"},"Offsides":{"home":"5","away":"2"},"Ball Possession":{"home":"63%","away":"37%"},"Yellow Cards":{"home":"0","away":"2"},"Red Cards":{"home":null,"away":null},"Goalkeeper Saves":{"home":"2","away":"6"},"Total passes":{"home":"487","away":"291"},"Passes accurate":{"home":"401","away":"206"},"Passes %":{"home":"82%","away":"71%"}}