{"Shots on Goal":{"home":"5","away":"8"},"Shots off Goal":{"home":"1","away":"5"},"Total Shots":{"home":"6","away":"23"},"Blocked Shots":{"home":"0","away":"10"},"Shots insidebox":{"home":"5","away":"12"},"Shots outsidebox":{"home":"1","away":"11"},"Fouls":{"home":"9","away":"9"},"Corner Kicks":{"home":"1","away":"8"},"Offsides":{"home":null,"away":null},"Ball Possession":{"home":"46%","away":"54%"},"Yellow Cards":{"home":"1","away":"1"},"Red Cards":{"home":null,"away":null},"Goalkeeper Saves":{"home":"5","away":"3"},"Total passes":{"home":"481","away":"538"},"Passes accurate":{"home":"389","away":"454"},"Passes %":{"home":"81%","away":"84%"}}