{"Shots on Goal":{"home":"6","away":"2"},"Shots off Goal":{"home":"2","away":"6"},"Total Shots":{"home":"13","away":"11"},"Blocked Shots":{"home":"5","away":"3"},"Shots insidebox":{"home":"8","away":"5"},"Shots outsidebox":{"home":"5","away":"6"},"Fouls":{"home":"11","away":"10"},"Corner Kicks":{"home":"7","away":"3"},"Offsides":{"home":"1","away":"0"},"Ball Possession":{"home":"41%","away":"59%"},"Yellow Cards":{"home":"0","away":"1"},"Red Cards":{"home":null,"away":null},"Goalkeeper Saves":{"home":"2","away":"4"},"Total passes":{"home":"345","away":"514"},"Passes accurate":{"home":"263","away":"424"},"Passes %":{"home":"76%","away":"82%"}}