{"Shots on Goal":{"home":"4","away":"6"},"Shots off Goal":{"home":"4","away":"7"},"Total Shots":{"home":"11","away":"15"},"Blocked Shots":{"home":"3","away":"2"},"Shots insidebox":{"home":"8","away":"14"},"Shots outsidebox":{"home":"3","away":"1"},"Fouls":{"home":"8","away":"11"},"Corner Kicks":{"home":"7","away":"5"},"Offsides":{"home":"1","away":"1"},"Ball Possession":{"home":"44%","away":"56%"},"Yellow Cards":{"home":"1","away":"2"},"Red Cards":{"home":null,"away":null},"Goalkeeper Saves":{"home":"1","away":"3"},"Total passes":{"home":"431","away":"554"},"Passes accurate":{"home":"332","away":"473"},"Passes %":{"home":"77%","away":"85%"}}