{"Shots on Goal":{"home":"5","away":"12"},"Shots off Goal":{"home":"8","away":"7"},"Total Shots":{"home":"21","away":"22"},"Blocked Shots":{"home":"8","away":"3"},"Shots insidebox":{"home":"15","away":"12"},"Shots outsidebox":{"home":"6","away":"10"},"Fouls":{"home":"14","away":"17"},"Corner Kicks":{"home":"10","away":"6"},"Offsides":{"home":"0","away":"1"},"Ball Possession":{"home":"57%","away":"43%"},"Yellow Cards":{"home":"1","away":"3"},"Red Cards":{"home":null,"away":null},"Goalkeeper Saves":{"home":"7","away":"4"},"Total passes":{"home":"472","away":"345"},"Passes accurate":{"home":"383","away":"268"},"Passes %":{"home":"81%","away":"78%"}}