{"Shots on Goal":{"home":"2","away":"8"},"Shots off Goal":{"home":"5","away":"9"},"Total Shots":{"home":"10","away":"21"},"Blocked Shots":{"home":"3","away":"4"},"Shots insidebox":{"home":"5","away":"13"},"Shots outsidebox":{"home":"5","away":"8"},"Fouls":{"home":"17","away":"7"},"Corner Kicks":{"home":"2","away":"3"},"Offsides":{"home":"0","away":"1"},"Ball Possession":{"home":"41%","away":"59%"},"Yellow Cards":{"home":"3","away":"2"},"Red Cards":{"home":"1","away":"0"},"Goalkeeper Saves":{"home":"7","away":"1"},"Total passes":{"home":"375","away":"537"},"Passes accurate":{"home":"276","away":"427"},"Passes %":{"home":"74%","away":"80%"}}