{"Shots on Goal":{"home":"2","away":"2"},"Shots off Goal":{"home":"6","away":"7"},"Total Shots":{"home":"12","away":"10"},"Blocked Shots":{"home":"4","away":"1"},"Shots insidebox":{"home":"9","away":"5"},"Shots outsidebox":{"home":"3","away":"5"},"Fouls":{"home":"12","away":"6"},"Corner Kicks":{"home":"14","away":"5"},"Offsides":{"home":null,"away":null},"Ball Possession":{"home":"52%","away":"48%"},"Yellow Cards":{"home":"1","away":"2"},"Red Cards":{"home":null,"away":null},"Goalkeeper Saves":{"home":"2","away":"1"},"Total passes":{"home":"444","away":"403"},"Passes accurate":{"home":"334","away":"310"},"Passes %":{"home":"75%","away":"77%"}}