{"Shots on Goal":{"home":"4","away":"3"},"Shots off Goal":{"home":"4","away":"5"},"Total Shots":{"home":"10","away":"11"},"Blocked Shots":{"home":"2","away":"3"},"Shots insidebox":{"home":"8","away":"5"},"Shots outsidebox":{"home":"2","away":"6"},"Fouls":{"home":"6","away":"12"},"Corner Kicks":{"home":"2","away":"7"},"Offsides":{"home":"5","away":"1"},"Ball Possession":{"home":"46%","away":"54%"},"Yellow Cards":{"home":null,"away":null},"Red Cards":{"home":null,"away":null},"Goalkeeper Saves":{"home":"3","away":"1"},"Total passes":{"home":"328","away":"391"},"Passes accurate":{"home":"184","away":"249"},"Passes %":{"home":"56%","away":"64%"}}