{"Shots on Goal":{"home":"3","away":"2"},"Shots off Goal":{"home":"3","away":"4"},"Total Shots":{"home":"8","away":"10"},"Blocked Shots":{"home":"2","away":"4"},"Shots insidebox":{"home":"5","away":"5"},"Shots outsidebox":{"home":"3","away":"5"},"Fouls":{"home":"11","away":"6"},"Corner Kicks":{"home":"7","away":"4"},"Offsides":{"home":"1","away":"5"},"Ball Possession":{"home":"49%","away":"51%"},"Yellow Cards":{"home":"1","away":"0"},"Red Cards":{"home":null,"away":null},"Goalkeeper Saves":{"home":"0","away":"2"},"Total passes":{"home":"420","away":"445"},"Passes accurate":{"home":"317","away":"351"},"Passes %":{"home":"75%","away":"79%"}}