{"Shots on Goal":{"home":"8","away":"1"},"Shots off Goal":{"home":"6","away":"1"},"Total Shots":{"home":"18","away":"2"},"Blocked Shots":{"home":"4","away":"0"},"Shots insidebox":{"home":"14","away":"1"},"Shots outsidebox":{"home":"4","away":"1"},"Fouls":{"home":"9","away":"17"},"Corner Kicks":{"home":"4","away":"6"},"Offsides":{"home":"3","away":"2"},"Ball Possession":{"home":"50%","away":"50%"},"Yellow Cards":{"home":"1","away":"4"},"Red Cards":{"home":null,"away":null},"Goalkeeper Saves":{"home":"0","away":"6"},"Total passes":{"home":"494","away":"478"},"Passes accurate":{"home":"386","away":"355"},"Passes %":{"home":"78%","away":"74%"}}