{"Shots on Goal":{"home":"2","away":"4"},"Shots off Goal":{"home":"8","away":"6"},"Total Shots":{"home":"17","away":"13"},"Blocked Shots":{"home":"7","away":"3"},"Shots insidebox":{"home":"9","away":"8"},"Shots outsidebox":{"home":"8","away":"5"},"Fouls":{"home":"9","away":"11"},"Corner Kicks":{"home":"4","away":"3"},"Offsides":{"home":"1","away":"1"},"Ball Possession":{"home":"64%","away":"36%"},"Yellow Cards":{"home":"0","away":"2"},"Red Cards":{"home":null,"away":null},"Goalkeeper Saves":{"home":"3","away":"2"},"Total passes":{"home":"583","away":"307"},"Passes accurate":{"home":"463","away":"204"},"Passes %":{"home":"79%","away":"66%"}}