{"Shots on Goal":{"home":"10","away":"1"},"Shots off Goal":{"home":"4","away":"4"},"Total Shots":{"home":"24","away":"8"},"Blocked Shots":{"home":"10","away":"3"},"Shots insidebox":{"home":"16","away":"5"},"Shots outsidebox":{"home":"8","away":"3"},"Fouls":{"home":"5","away":"13"},"Corner Kicks":{"home":"5","away":"2"},"Offsides":{"home":"1","away":"2"},"Ball Possession":{"home":"52%","away":"48%"},"Yellow Cards":{"home":"2","away":"3"},"Red Cards":{"home":null,"away":null},"Goalkeeper Saves":{"home":"1","away":"8"},"Total passes":{"home":"567","away":"500"},"Passes accurate":{"home":"487","away":"412"},"Passes %":{"home":"86%","away":"82%"}}