{"Shots on Goal":{"home":"6","away":"9"},"Shots off Goal":{"home":"10","away":"3"},"Total Shots":{"home":"21","away":"14"},"Blocked Shots":{"home":"5","away":"2"},"Shots insidebox":{"home":"14","away":"8"},"Shots outsidebox":{"home":"7","away":"6"},"Fouls":{"home":"13","away":"15"},"Corner Kicks":{"home":"9","away":"4"},"Offsides":{"home":"2","away":"0"},"Ball Possession":{"home":"58%","away":"42%"},"Yellow Cards":{"home":"7","away":"1"},"Red Cards":{"home":"1","away":"0"},"Goalkeeper Saves":{"home":"7","away":"3"},"Total passes":{"home":"467","away":"323"},"Passes accurate":{"home":"398","away":"262"},"Passes %":{"home":"85%","away":"81%"}}