{"Shots on Goal":{"home":"4","away":"7"},"Shots off Goal":{"home":"8","away":"3"},"Total Shots":{"home":"17","away":"11"},"Blocked Shots":{"home":"5","away":"1"},"Shots insidebox":{"home":"12","away":"8"},"Shots outsidebox":{"home":"5","away":"3"},"Fouls":{"home":"10","away":"7"},"Corner Kicks":{"home":"12","away":"6"},"Offsides":{"home":"3","away":"1"},"Ball Possession":{"home":"48%","away":"52%"},"Yellow Cards":{"home":"1","away":"1"},"Red Cards":{"home":"1","away":"0"},"Goalkeeper Saves":{"home":"6","away":"4"},"Total passes":{"home":"412","away":"457"},"Passes accurate":{"home":"308","away":"354"},"Passes %":{"home":"75%","away":"77%"}}