{"Shots on Goal":{"home":"4","away":"6"},"Shots off Goal":{"home":"3","away":"6"},"Total Shots":{"home":"9","away":"14"},"Blocked Shots":{"home":"2","away":"2"},"Shots insidebox":{"home":"6","away":"8"},"Shots outsidebox":{"home":"3","away":"6"},"Fouls":{"home":"5","away":"16"},"Corner Kicks":{"home":"6","away":"6"},"Offsides":{"home":"1","away":"1"},"Ball Possession":{"home":"41%","away":"59%"},"Yellow Cards":{"home":"2","away":"2"},"Red Cards":{"home":"1","away":"0"},"Goalkeeper Saves":{"home":"5","away":"2"},"Total passes":{"home":"366","away":"519"},"Passes accurate":{"home":"291","away":"445"},"Passes %":{"home":"80%","away":"86%"}}