{"Shots on Goal":{"home":"5","away":"6"},"Shots off Goal":{"home":"7","away":"2"},"Total Shots":{"home":"13","away":"11"},"Blocked Shots":{"home":"1","away":"3"},"Shots insidebox":{"home":"7","away":"9"},"Shots outsidebox":{"home":"6","away":"2"},"Fouls":{"home":"19","away":"11"},"Corner Kicks":{"home":"4","away":"3"},"Offsides":{"home":"1","away":"0"},"Ball Possession":{"home":"64%","away":"36%"},"Yellow Cards":{"home":"4","away":"3"},"Red Cards":{"home":null,"away":null},"Goalkeeper Saves":{"home":"6","away":"2"},"Total passes":{"home":"639","away":"358"},"Passes accurate":{"home":"561","away":"276"},"Passes %":{"home":"88%","away":"77%"}}