{"Shots on Goal":{"home":"3","away":"4"},"Shots off Goal":{"home":"6","away":"5"},"Total Shots":{"home":"12","away":"12"},"Blocked Shots":{"home":"3","away":"3"},"Shots insidebox":{"home":"9","away":"6"},"Shots outsidebox":{"home":"3","away":"6"},"Fouls":{"home":"9","away":"10"},"Corner Kicks":{"home":"8","away":"5"},"Offsides":{"home":"1","away":"0"},"Ball Possession":{"home":"50%","away":"50%"},"Yellow Cards":{"home":"1","away":"3"},"Red Cards":{"home":"1","away":"0"},"Goalkeeper Saves":{"home":"2","away":"3"},"Total passes":{"home":"392","away":"391"},"Passes accurate":{"home":"295","away":"292"},"Passes %":{"home":"75%","away":"75%"}}