{"Shots on Goal":{"home":"5","away":"0"},"Shots off Goal":{"home":"5","away":"3"},"Total Shots":{"home":"13","away":"3"},"Blocked Shots":{"home":"3","away":"0"},"Shots insidebox":{"home":"9","away":"1"},"Shots outsidebox":{"home":"4","away":"2"},"Fouls":{"home":"12","away":"9"},"Corner Kicks":{"home":"9","away":"0"},"Offsides":{"home":"0","away":"1"},"Ball Possession":{"home":"69%","away":"31%"},"Yellow Cards":{"home":"1","away":"1"},"Red Cards":{"home":"0","away":"1"},"Goalkeeper Saves":{"home":"0","away":"1"},"Total passes":{"home":"720","away":"324"},"Passes accurate":{"home":"642","away":"249"},"Passes %":{"home":"89%","away":"77%"}}