{"Shots on Goal":{"home":"3","away":"10"},"Shots off Goal":{"home":"10","away":"4"},"Total Shots":{"home":"23","away":"16"},"Blocked Shots":{"home":"10","away":"2"},"Shots insidebox":{"home":"19","away":"13"},"Shots outsidebox":{"home":"4","away":"3"},"Fouls":{"home":"12","away":"11"},"Corner Kicks":{"home":"8","away":"7"},"Offsides":{"home":"1","away":"2"},"Ball Possession":{"home":"55%","away":"45%"},"Yellow Cards":{"home":"1","away":"1"},"Red Cards":{"home":null,"away":null},"Goalkeeper Saves":{"home":"7","away":"2"},"Total passes":{"home":"463","away":"380"},"Passes accurate":{"home":"387","away":"302"},"Passes %":{"home":"84%","away":"79%"}}