{"Shots on Goal":{"home":"5","away":"3"},"Shots off Goal":{"home":"7","away":"7"},"Total Shots":{"home":"14","away":"12"},"Blocked Shots":{"home":"2","away":"2"},"Shots insidebox":{"home":"9","away":"6"},"Shots outsidebox":{"home":"5","away":"6"},"Fouls":{"home":"9","away":"14"},"Corner Kicks":{"home":"4","away":"5"},"Offsides":{"home":"3","away":"3"},"Ball Possession":{"home":"50%","away":"50%"},"Yellow Cards":{"home":"1","away":"0"},"Red Cards":{"home":null,"away":null},"Goalkeeper Saves":{"home":"2","away":"4"},"Total passes":{"home":"450","away":"449"},"Passes accurate":{"home":"354","away":"346"},"Passes %":{"home":"79%","away":"77%"}}