{"Shots on Goal":{"home":"2","away":"2"},"Shots off Goal":{"home":"6","away":"4"},"Total Shots":{"home":"12","away":"8"},"Blocked Shots":{"home":"4","away":"2"},"Shots insidebox":{"home":"7","away":"5"},"Shots outsidebox":{"home":"5","away":"3"},"Fouls":{"home":"11","away":"11"},"Corner Kicks":{"home":"4","away":"7"},"Offsides":{"home":"3","away":"1"},"Ball Possession":{"home":"44%","away":"56%"},"Yellow Cards":{"home":"2","away":"3"},"Red Cards":{"home":null,"away":null},"Goalkeeper Saves":{"home":"2","away":"1"},"Total passes":{"home":"301","away":"382"},"Passes accurate":{"home":"201","away":"276"},"Passes %":{"home":"67%","away":"72%"}}