{"Shots on Goal":{"home":"2","away":"3"},"Shots off Goal":{"home":"8","away":"2"},"Total Shots":{"home":"13","away":"6"},"Blocked Shots":{"home":"3","away":"1"},"Shots insidebox":{"home":"7","away":"4"},"Shots outsidebox":{"home":"6","away":"2"},"Fouls":{"home":"8","away":"13"},"Corner Kicks":{"home":"6","away":"4"},"Offsides":{"home":"7","away":"1"},"Ball Possession":{"home":"54%","away":"46%"},"Yellow Cards":{"home":"3","away":"3"},"Red Cards":{"home":null,"away":null},"Goalkeeper Saves":{"home":"1","away":"1"},"Total passes":{"home":"478","away":"405"},"Passes accurate":{"home":"381","away":"294"},"Passes %":{"home":"80%","away":"73%"}}