{"Shots on Goal":{"home":"3","away":"6"},"Shots off Goal":{"home":"7","away":"6"},"Total Shots":{"home":"14","away":"15"},"Blocked Shots":{"home":"4","away":"3"},"Shots insidebox":{"home":"9","away":"8"},"Shots outsidebox":{"home":"5","away":"7"},"Fouls":{"home":"10","away":"6"},"Corner Kicks":{"home":"5","away":"9"},"Offsides":{"home":"4","away":"1"},"Ball Possession":{"home":"36%","away":"64%"},"Yellow Cards":{"home":"2","away":"1"},"Red Cards":{"home":null,"away":null},"Goalkeeper Saves":{"home":"4","away":"3"},"Total passes":{"home":"295","away":"518"},"Passes accurate":{"home":"193","away":"404"},"Passes %":{"home":"65%","away":"78%"}}