{"Shots on Goal":{"home":"6","away":"3"},"Shots off Goal":{"home":"1","away":"2"},"Total Shots":{"home":"8","away":"9"},"Blocked Shots":{"home":"1","away":"4"},"Shots insidebox":{"home":"3","away":"5"},"Shots outsidebox":{"home":"5","away":"4"},"Fouls":{"home":"8","away":"9"},"Corner Kicks":{"home":"3","away":"7"},"Offsides":{"home":"2","away":"1"},"Ball Possession":{"home":"46%","away":"54%"},"Yellow Cards":{"home":"2","away":"2"},"Red Cards":{"home":null,"away":null},"Goalkeeper Saves":{"home":"3","away":"4"},"Total passes":{"home":"424","away":"486"},"Passes accurate":{"home":"332","away":"397"},"Passes %":{"home":"78%","away":"82%"}}