{"Shots on Goal":{"home":"6","away":"5"},"Shots off Goal":{"home":"3","away":"1"},"Total Shots":{"home":"15","away":"8"},"Blocked Shots":{"home":"6","away":"2"},"Shots insidebox":{"home":"11","away":"6"},"Shots outsidebox":{"home":"4","away":"2"},"Fouls":{"home":"12","away":"12"},"Corner Kicks":{"home":"7","away":"7"},"Offsides":{"home":"1","away":"2"},"Ball Possession":{"home":"58%","away":"42%"},"Yellow Cards":{"home":"1","away":"6"},"Red Cards":{"home":"0","away":"1"},"Goalkeeper Saves":{"home":"3","away":"3"},"Total passes":{"home":"451","away":"319"},"Passes accurate":{"home":"360","away":"212"},"Passes %":{"home":"80%","away":"66%"}}