{"Shots on Goal":{"home":"10","away":"4"},"Shots off Goal":{"home":"15","away":"2"},"Total Shots":{"home":"31","away":"7"},"Blocked Shots":{"home":"6","away":"1"},"Shots insidebox":{"home":"16","away":"4"},"Shots outsidebox":{"home":"15","away":"3"},"Fouls":{"home":"14","away":"4"},"Corner Kicks":{"home":"7","away":"1"},"Offsides":{"home":"1","away":"0"},"Ball Possession":{"home":"52%","away":"48%"},"Yellow Cards":{"home":"3","away":"3"},"Red Cards":{"home":null,"away":null},"Goalkeeper Saves":{"home":"2","away":"8"},"Total passes":{"home":"502","away":"466"},"Passes accurate":{"home":"444","away":"385"},"Passes %":{"home":"88%","away":"83%"}}