{"Shots on Goal":{"home":"1","away":"2"},"Shots off Goal":{"home":"9","away":"4"},"Total Shots":{"home":"15","away":"8"},"Blocked Shots":{"home":"5","away":"2"},"Shots insidebox":{"home":"3","away":"5"},"Shots outsidebox":{"home":"12","away":"3"},"Fouls":{"home":"3","away":"13"},"Corner Kicks":{"home":"12","away":"3"},"Offsides":{"home":"0","away":"1"},"Ball Possession":{"home":"70%","away":"30%"},"Yellow Cards":{"home":"0","away":"2"},"Red Cards":{"home":null,"away":null},"Goalkeeper Saves":{"home":"2","away":"1"},"Total passes":{"home":"665","away":"290"},"Passes accurate":{"home":"565","away":"203"},"Passes %":{"home":"85%","away":"70%"}}