{"Shots on Goal":{"home":"8","away":"3"},"Shots off Goal":{"home":"7","away":"3"},"Total Shots":{"home":"18","away":"8"},"Blocked Shots":{"home":"3","away":"2"},"Shots insidebox":{"home":"14","away":"5"},"Shots outsidebox":{"home":"4","away":"3"},"Fouls":{"home":"16","away":"10"},"Corner Kicks":{"home":"8","away":"2"},"Offsides":{"home":"2","away":"3"},"Ball Possession":{"home":"48%","away":"52%"},"Yellow Cards":{"home":"2","away":"1"},"Red Cards":{"home":null,"away":null},"Goalkeeper Saves":{"home":"3","away":"5"},"Total passes":{"home":"474","away":"500"},"Passes accurate":{"home":"395","away":"433"},"Passes %":{"home":"83%","away":"87%"}}