{"Shots on Goal":{"home":"8","away":"9"},"Shots off Goal":{"home":"10","away":"3"},"Total Shots":{"home":"26","away":"13"},"Blocked Shots":{"home":"8","away":"1"},"Shots insidebox":{"home":"13","away":"6"},"Shots outsidebox":{"home":"13","away":"7"},"Fouls":{"home":"13","away":"19"},"Corner Kicks":{"home":"11","away":"6"},"Offsides":{"home":"3","away":"1"},"Ball Possession":{"home":"55%","away":"45%"},"Yellow Cards":{"home":"3","away":"5"},"Red Cards":{"home":null,"away":null},"Goalkeeper Saves":{"home":"7","away":"6"},"Total passes":{"home":"451","away":"380"},"Passes accurate":{"home":"382","away":"302"},"Passes %":{"home":"85%","away":"79%"}}