{"Shots on Goal":{"home":"9","away":"1"},"Shots off Goal":{"home":"9","away":"4"},"Total Shots":{"home":"21","away":"8"},"Blocked Shots":{"home":"3","away":"3"},"Shots insidebox":{"home":"18","away":"4"},"Shots outsidebox":{"home":"3","away":"4"},"Fouls":{"home":"5","away":"4"},"Corner Kicks":{"home":"10","away":"1"},"Offsides":{"home":"2","away":"8"},"Ball Possession":{"home":"75%","away":"25%"},"Yellow Cards":{"home":null,"away":null},"Red Cards":{"home":null,"away":null},"Goalkeeper Saves":{"home":"0","away":"5"},"Total passes":{"home":"840","away":"276"},"Passes accurate":{"home":"760","away":"198"},"Passes %":{"home":"90%","away":"72%"}}