{"Shots on Goal":{"home":"2","away":"3"},"Shots off Goal":{"home":"4","away":"4"},"Total Shots":{"home":"8","away":"9"},"Blocked Shots":{"home":"2","away":"2"},"Shots insidebox":{"home":"5","away":"5"},"Shots outsidebox":{"home":"3","away":"4"},"Fouls":{"home":"7","away":"6"},"Corner Kicks":{"home":"7","away":"7"},"Offsides":{"home":"2","away":"3"},"Ball Possession":{"home":"39%","away":"61%"},"Yellow Cards":{"home":"0","away":"2"},"Red Cards":{"home":null,"away":null},"Goalkeeper Saves":{"home":"3","away":"2"},"Total passes":{"home":"360","away":"554"},"Passes accurate":{"home":"252","away":"455"},"Passes %":{"home":"70%","away":"82%"}}