{"Shots on Goal":{"home":"4","away":"4"},"Shots off Goal":{"home":"4","away":"1"},"Total Shots":{"home":"9","away":"7"},"Blocked Shots":{"home":"1","away":"2"},"Shots insidebox":{"home":"8","away":"5"},"Shots outsidebox":{"home":"1","away":"2"},"Fouls":{"home":"11","away":"7"},"Corner Kicks":{"home":"2","away":"2"},"Offsides":{"home":"2","away":"4"},"Ball Possession":{"home":"51%","away":"49%"},"Yellow Cards":{"home":"3","away":"2"},"Red Cards":{"home":null,"away":null},"Goalkeeper Saves":{"home":"1","away":"4"},"Total passes":{"home":"519","away":"489"},"Passes accurate":{"home":"426","away":"395"},"Passes %":{"home":"82%","away":"81%"}}