{"Shots on Goal":{"home":"3","away":"3"},"Shots off Goal":{"home":"7","away":"4"},"Total Shots":{"home":"13","away":"8"},"Blocked Shots":{"home":"3","away":"1"},"Shots insidebox":{"home":"7","away":"3"},"Shots outsidebox":{"home":"6","away":"5"},"Fouls":{"home":"10","away":"19"},"Corner Kicks":{"home":"3","away":"4"},"Offsides":{"home":"1","away":"1"},"Ball Possession":{"home":"53%","away":"47%"},"Yellow Cards":{"home":"2","away":"1"},"Red Cards":{"home":null,"away":null},"Goalkeeper Saves":{"home":"2","away":"2"},"Total passes":{"home":"487","away":"429"},"Passes accurate":{"home":"385","away":"332"},"Passes %":{"home":"79%","away":"77%"}}