{"Shots on Goal":{"home":"5","away":"2"},"Shots off Goal":{"home":"5","away":"5"},"Total Shots":{"home":"13","away":"8"},"Blocked Shots":{"home":"3","away":"1"},"Shots insidebox":{"home":"8","away":"3"},"Shots outsidebox":{"home":"5","away":"5"},"Fouls":{"home":"6","away":"11"},"Corner Kicks":{"home":"3","away":"4"},"Offsides":{"home":"2","away":"0"},"Ball Possession":{"home":"62%","away":"38%"},"Yellow Cards":{"home":"0","away":"1"},"Red Cards":{"home":null,"away":null},"Goalkeeper Saves":{"home":"2","away":"3"},"Total passes":{"home":"719","away":"429"},"Passes accurate":{"home":"627","away":"338"},"Passes %":{"home":"87%","away":"79%"}}