{"Shots on Goal":{"home":"3","away":"1"},"Shots off Goal":{"home":"6","away":"1"},"Total Shots":{"home":"16","away":"2"},"Blocked Shots":{"home":"7","away":"0"},"Shots insidebox":{"home":"9","away":"2"},"Shots outsidebox":{"home":"7","away":"0"},"Fouls":{"home":"9","away":"9"},"Corner Kicks":{"home":"12","away":"3"},"Offsides":{"home":"1","away":"1"},"Ball Possession":{"home":"69%","away":"31%"},"Yellow Cards":{"home":"1","away":"3"},"Red Cards":{"home":null,"away":null},"Goalkeeper Saves":{"home":"0","away":"3"},"Total passes":{"home":"520","away":"228"},"Passes accurate":{"home":"434","away":"146"},"Passes %":{"home":"83%","away":"64%"}}