{"Shots on Goal":{"home":"8","away":"9"},"Shots off Goal":{"home":"3","away":"7"},"Total Shots":{"home":"12","away":"20"},"Blocked Shots":{"home":"1","away":"4"},"Shots insidebox":{"home":"10","away":"14"},"Shots outsidebox":{"home":"2","away":"6"},"Fouls":{"home":"4","away":"8"},"Corner Kicks":{"home":"5","away":"2"},"Offsides":{"home":"2","away":"5"},"Ball Possession":{"home":"37%","away":"63%"},"Yellow Cards":{"home":"2","away":"2"},"Red Cards":{"home":null,"away":null},"Goalkeeper Saves":{"home":"6","away":"6"},"Total passes":{"home":"355","away":"618"},"Passes accurate":{"home":"291","away":"561"},"Passes %":{"home":"82%","away":"91%"}}