{"Shots on Goal":{"home":"3","away":"9"},"Shots off Goal":{"home":"2","away":"3"},"Total Shots":{"home":"5","away":"14"},"Blocked Shots":{"home":"0","away":"2"},"Shots insidebox":{"home":"4","away":"10"},"Shots outsidebox":{"home":"1","away":"4"},"Fouls":{"home":"6","away":"13"},"Corner Kicks":{"home":"1","away":"1"},"Offsides":{"home":"2","away":"4"},"Ball Possession":{"home":"42%","away":"58%"},"Yellow Cards":{"home":"2","away":"2"},"Red Cards":{"home":null,"away":null},"Goalkeeper Saves":{"home":"4","away":"3"},"Total passes":{"home":"402","away":"545"},"Passes accurate":{"home":"327","away":"472"},"Passes %":{"home":"81%","away":"87%"}}