{"Shots on Goal":{"home":"10","away":"2"},"Shots off Goal":{"home":"8","away":"1"},"Total Shots":{"home":"30","away":"3"},"Blocked Shots":{"home":"12","away":"0"},"Shots insidebox":{"home":"22","away":"1"},"Shots outsidebox":{"home":"8","away":"2"},"Fouls":{"home":"14","away":"4"},"Corner Kicks":{"home":"13","away":"2"},"Offsides":{"home":"3","away":"1"},"Ball Possession":{"home":"55%","away":"45%"},"Yellow Cards":{"home":"1","away":"0"},"Red Cards":{"home":null,"away":null},"Goalkeeper Saves":{"home":"0","away":"8"},"Total passes":{"home":"607","away":"501"},"Passes accurate":{"home":"550","away":"421"},"Passes %":{"home":"91%","away":"84%"}}