{"Shots on Goal":{"home":"2","away":"7"},"Shots off Goal":{"home":"4","away":"2"},"Total Shots":{"home":"7","away":"15"},"Blocked Shots":{"home":"1","away":"6"},"Shots insidebox":{"home":"4","away":"7"},"Shots outsidebox":{"home":"3","away":"8"},"Fouls":{"home":"10","away":"16"},"Corner Kicks":{"home":"6","away":"4"},"Offsides":{"home":"5","away":"1"},"Ball Possession":{"home":"36%","away":"64%"},"Yellow Cards":{"home":null,"away":null},"Red Cards":{"home":null,"away":null},"Goalkeeper Saves":{"home":"5","away":"2"},"Total passes":{"home":"318","away":"568"},"Passes accurate":{"home":"193","away":"442"},"Passes %":{"home":"61%","away":"78%"}}