{"Shots on Goal":{"home":"5","away":"6"},"Shots off Goal":{"home":"4","away":"4"},"Total Shots":{"home":"13","away":"17"},"Blocked Shots":{"home":"4","away":"7"},"Shots insidebox":{"home":"11","away":"11"},"Shots outsidebox":{"home":"2","away":"6"},"Fouls":{"home":"7","away":"8"},"Corner Kicks":{"home":"6","away":"6"},"Offsides":{"home":"2","away":"2"},"Ball Possession":{"home":"48%","away":"52%"},"Yellow Cards":{"home":"3","away":"1"},"Red Cards":{"home":null,"away":null},"Goalkeeper Saves":{"home":"4","away":"3"},"Total passes":{"home":"444","away":"477"},"Passes accurate":{"home":"339","away":"367"},"Passes %":{"home":"76%","away":"77%"}}