{"Shots on Goal":{"home":"2","away":"1"},"Shots off Goal":{"home":"6","away":"6"},"Total Shots":{"home":"11","away":"10"},"Blocked Shots":{"home":"3","away":"3"},"Shots insidebox":{"home":"5","away":"3"},"Shots outsidebox":{"home":"6","away":"7"},"Fouls":{"home":"8","away":"11"},"Corner Kicks":{"home":"6","away":"7"},"Offsides":{"home":"2","away":"2"},"Ball Possession":{"home":"47%","away":"53%"},"Yellow Cards":{"home":"1","away":"3"},"Red Cards":{"home":null,"away":null},"Goalkeeper Saves":{"home":"1","away":"2"},"Total passes":{"home":"407","away":"469"},"Passes accurate":{"home":"326","away":"378"},"Passes %":{"home":"80%","away":"81%"}}