{"Shots on Goal":{"home":"3","away":"1"},"Shots off Goal":{"home":"2","away":"7"},"Total Shots":{"home":"7","away":"12"},"Blocked Shots":{"home":"2","away":"4"},"Shots insidebox":{"home":"3","away":"7"},"Shots outsidebox":{"home":"4","away":"5"},"Fouls":{"home":"10","away":"18"},"Corner Kicks":{"home":"0","away":"6"},"Offsides":{"home":"8","away":"1"},"Ball Possession":{"home":"35%","away":"65%"},"Yellow Cards":{"home":"2","away":"3"},"Red Cards":{"home":null,"away":null},"Goalkeeper Saves":{"home":"1","away":"1"},"Total passes":{"home":"298","away":"526"},"Passes accurate":{"home":"217","away":"425"},"Passes %":{"home":"73%","away":"81%"}}