{"Shots on Goal":{"home":"5","away":"1"},"Shots off Goal":{"home":"7","away":"6"},"Total Shots":{"home":"14","away":"7"},"Blocked Shots":{"home":"2","away":"0"},"Shots insidebox":{"home":"11","away":"5"},"Shots outsidebox":{"home":"3","away":"2"},"Fouls":{"home":"13","away":"7"},"Corner Kicks":{"home":"3","away":"6"},"Offsides":{"home":"2","away":"2"},"Ball Possession":{"home":"62%","away":"38%"},"Yellow Cards":{"home":"0","away":"2"},"Red Cards":{"home":null,"away":null},"Goalkeeper Saves":{"home":"0","away":"4"},"Total passes":{"home":"493","away":"281"},"Passes accurate":{"home":"373","away":"180"},"Passes %":{"home":"76%","away":"64%"}}