{"Shots on Goal":{"home":"6","away":"2"},"Shots off Goal":{"home":"5","away":"2"},"Total Shots":{"home":"15","away":"8"},"Blocked Shots":{"home":"4","away":"4"},"Shots insidebox":{"home":"7","away":"3"},"Shots outsidebox":{"home":"8","away":"5"},"Fouls":{"home":"9","away":"11"},"Corner Kicks":{"home":"4","away":"5"},"Offsides":{"home":"2","away":"1"},"Ball Possession":{"home":"55%","away":"45%"},"Yellow Cards":{"home":"1","away":"3"},"Red Cards":{"home":null,"away":null},"Goalkeeper Saves":{"home":"1","away":"3"},"Total passes":{"home":"541","away":"432"},"Passes accurate":{"home":"435","away":"334"},"Passes %":{"home":"80%","away":"77%"}}