{"Shots on Goal":{"home":"6","away":"5"},"Shots off Goal":{"home":"4","away":"5"},"Total Shots":{"home":"13","away":"14"},"Blocked Shots":{"home":"3","away":"4"},"Shots insidebox":{"home":"8","away":"9"},"Shots outsidebox":{"home":"5","away":"5"},"Fouls":{"home":"5","away":"14"},"Corner Kicks":{"home":"7","away":"7"},"Offsides":{"home":"4","away":"0"},"Ball Possession":{"home":"40%","away":"60%"},"Yellow Cards":{"home":"0","away":"4"},"Red Cards":{"home":null,"away":null},"Goalkeeper Saves":{"home":"4","away":"3"},"Total passes":{"home":"327","away":"480"},"Passes accurate":{"home":"226","away":"365"},"Passes %":{"home":"69%","away":"76%"}}