{"Shots on Goal":{"home":"2","away":"2"},"Shots off Goal":{"home":"4","away":"4"},"Total Shots":{"home":"9","away":"8"},"Blocked Shots":{"home":"3","away":"2"},"Shots insidebox":{"home":"4","away":"7"},"Shots outsidebox":{"home":"5","away":"1"},"Fouls":{"home":"12","away":"7"},"Corner Kicks":{"home":"5","away":"3"},"Offsides":{"home":"1","away":"3"},"Ball Possession":{"home":"38%","away":"62%"},"Yellow Cards":{"home":"1","away":"3"},"Red Cards":{"home":null,"away":null},"Goalkeeper Saves":{"home":"1","away":"2"},"Total passes":{"home":"379","away":"616"},"Passes accurate":{"home":"288","away":"524"},"Passes %":{"home":"76%","away":"85%"}}