{"Shots on Goal":{"home":"11","away":"4"},"Shots off Goal":{"home":"13","away":"0"},"Total Shots":{"home":"28","away":"5"},"Blocked Shots":{"home":"4","away":"1"},"Shots insidebox":{"home":"20","away":"4"},"Shots outsidebox":{"home":"8","away":"1"},"Fouls":{"home":"5","away":"9"},"Corner Kicks":{"home":"5","away":"4"},"Offsides":{"home":"2","away":"2"},"Ball Possession":{"home":"68%","away":"32%"},"Yellow Cards":{"home":"2","away":"2"},"Red Cards":{"home":null,"away":null},"Goalkeeper Saves":{"home":"4","away":"3"},"Total passes":{"home":"723","away":"332"},"Passes accurate":{"home":"656","away":"262"},"Passes %":{"home":"91%","away":"79%"}}