{"Shots on Goal":{"home":"2","away":"3"},"Shots off Goal":{"home":"0","away":"3"},"Total Shots":{"home":"6","away":"10"},"Blocked Shots":{"home":"4","away":"4"},"Shots insidebox":{"home":"6","away":"7"},"Shots outsidebox":{"home":"0","away":"3"},"Fouls":{"home":"16","away":"14"},"Corner Kicks":{"home":"6","away":"2"},"Offsides":{"home":"4","away":"0"},"Ball Possession":{"home":"35%","away":"65%"},"Yellow Cards":{"home":"2","away":"3"},"Red Cards":{"home":"0","away":"1"},"Goalkeeper Saves":{"home":"2","away":"2"},"Total passes":{"home":"266","away":"500"},"Passes accurate":{"home":"160","away":"401"},"Passes %":{"home":"60%","away":"80%"}}