{"Shots on Goal":{"home":"5","away":"2"},"Shots off Goal":{"home":"10","away":"3"},"Total Shots":{"home":"22","away":"10"},"Blocked Shots":{"home":"7","away":"5"},"Shots insidebox":{"home":"14","away":"3"},"Shots outsidebox":{"home":"8","away":"7"},"Fouls":{"home":"15","away":"16"},"Corner Kicks":{"home":"13","away":"2"},"Offsides":{"home":"2","away":"0"},"Ball Possession":{"home":"52%","away":"48%"},"Yellow Cards":{"home":"2","away":"6"},"Red Cards":{"home":"0","away":"1"},"Goalkeeper Saves":{"home":"2","away":"4"},"Total passes":{"home":"407","away":"379"},"Passes accurate":{"home":"343","away":"315"},"Passes %":{"home":"84%","away":"83%"}}