{"Shots on Goal":{"home":"3","away":"3"},"Shots off Goal":{"home":"7","away":"4"},"Total Shots":{"home":"16","away":"10"},"Blocked Shots":{"home":"6","away":"3"},"Shots insidebox":{"home":"6","away":"8"},"Shots outsidebox":{"home":"10","away":"2"},"Fouls":{"home":"10","away":"16"},"Corner Kicks":{"home":"7","away":"3"},"Offsides":{"home":"2","away":"0"},"Ball Possession":{"home":"60%","away":"40%"},"Yellow Cards":{"home":"1","away":"4"},"Red Cards":{"home":null,"away":null},"Goalkeeper Saves":{"home":"1","away":"1"},"Total passes":{"home":"416","away":"272"},"Passes accurate":{"home":"326","away":"172"},"Passes %":{"home":"78%","away":"63%"}}