{"Shots on Goal":{"home":"4","away":"3"},"Shots off Goal":{"home":"5","away":"6"},"Total Shots":{"home":"11","away":"16"},"Blocked Shots":{"home":"2","away":"7"},"Shots insidebox":{"home":"7","away":"9"},"Shots outsidebox":{"home":"4","away":"7"},"Fouls":{"home":"12","away":"8"},"Corner Kicks":{"home":"5","away":"3"},"Offsides":{"home":"0","away":"3"},"Ball Possession":{"home":"29%","away":"71%"},"Yellow Cards":{"home":"2","away":"1"},"Red Cards":{"home":null,"away":null},"Goalkeeper Saves":{"home":"2","away":"4"},"Total passes":{"home":"278","away":"693"},"Passes accurate":{"home":"191","away":"606"},"Passes %":{"home":"69%","away":"87%"}}