{"Shots on Goal":{"home":"7","away":"4"},"Shots off Goal":{"home":"6","away":"6"},"Total Shots":{"home":"16","away":"11"},"Blocked Shots":{"home":"3","away":"1"},"Shots insidebox":{"home":"10","away":"9"},"Shots outsidebox":{"home":"6","away":"2"},"Fouls":{"home":"16","away":"13"},"Corner Kicks":{"home":"8","away":"2"},"Offsides":{"home":"3","away":"3"},"Ball Possession":{"home":"44%","away":"56%"},"Yellow Cards":{"home":"1","away":"2"},"Red Cards":{"home":null,"away":null},"Goalkeeper Saves":{"home":"3","away":"5"},"Total passes":{"home":"381","away":"489"},"Passes accurate":{"home":"287","away":"399"},"Passes %":{"home":"75%","away":"82%"}}