{"Shots on Goal":{"home":"8","away":"0"},"Shots off Goal":{"home":"4","away":"4"},"Total Shots":{"home":"16","away":"5"},"Blocked Shots":{"home":"4","away":"1"},"Shots insidebox":{"home":"15","away":"3"},"Shots outsidebox":{"home":"1","away":"2"},"Fouls":{"home":"9","away":"12"},"Corner Kicks":{"home":"11","away":"0"},"Offsides":{"home":"1","away":"1"},"Ball Possession":{"home":"71%","away":"29%"},"Yellow Cards":{"home":"2","away":"1"},"Red Cards":{"home":null,"away":null},"Goalkeeper Saves":{"home":"0","away":"6"},"Total passes":{"home":"634","away":"258"},"Passes accurate":{"home":"552","away":"172"},"Passes %":{"home":"87%","away":"67%"}}