{"Shots on Goal":{"home":"3","away":"4"},"Shots off Goal":{"home":"6","away":"0"},"Total Shots":{"home":"15","away":"6"},"Blocked Shots":{"home":"6","away":"2"},"Shots insidebox":{"home":"10","away":"2"},"Shots outsidebox":{"home":"5","away":"4"},"Fouls":{"home":"16","away":"11"},"Corner Kicks":{"home":"8","away":"4"},"Offsides":{"home":"0","away":"1"},"Ball Possession":{"home":"42%","away":"58%"},"Yellow Cards":{"home":"3","away":"1"},"Red Cards":{"home":null,"away":null},"Goalkeeper Saves":{"home":"4","away":"2"},"Total passes":{"home":"350","away":"491"},"Passes accurate":{"home":"272","away":"386"},"Passes %":{"home":"78%","away":"79%"}}