{"Shots on Goal":{"home":"3","away":"7"},"Shots off Goal":{"home":"6","away":"4"},"Total Shots":{"home":"10","away":"13"},"Blocked Shots":{"home":"1","away":"2"},"Shots insidebox":{"home":"6","away":"7"},"Shots outsidebox":{"home":"4","away":"6"},"Fouls":{"home":"8","away":"15"},"Corner Kicks":{"home":"3","away":"4"},"Offsides":{"home":"1","away":"0"},"Ball Possession":{"home":"43%","away":"57%"},"Yellow Cards":{"home":"0","away":"1"},"Red Cards":{"home":null,"away":null},"Goalkeeper Saves":{"home":"3","away":"1"},"Total passes":{"home":"400","away":"528"},"Passes accurate":{"home":"275","away":"395"},"Passes %":{"home":"69%","away":"75%"}}