{"Shots on Goal":{"home":"5","away":"3"},"Shots off Goal":{"home":"5","away":"4"},"Total Shots":{"home":"10","away":"9"},"Blocked Shots":{"home":"0","away":"2"},"Shots insidebox":{"home":"4","away":"3"},"Shots outsidebox":{"home":"6","away":"6"},"Fouls":{"home":"14","away":"14"},"Corner Kicks":{"home":"3","away":"9"},"Offsides":{"home":"0","away":"2"},"Ball Possession":{"home":"42%","away":"58%"},"Yellow Cards":{"home":"1","away":"2"},"Red Cards":{"home":null,"away":null},"Goalkeeper Saves":{"home":"3","away":"4"},"Total passes":{"home":"335","away":"446"},"Passes accurate":{"home":"252","away":"354"},"Passes %":{"home":"75%","away":"79%"}}