{"Shots on Goal":{"home":"2","away":"2"},"Shots off Goal":{"home":"3","away":"4"},"Total Shots":{"home":"6","away":"9"},"Blocked Shots":{"home":"1","away":"3"},"Shots insidebox":{"home":"5","away":"5"},"Shots outsidebox":{"home":"1","away":"4"},"Fouls":{"home":"17","away":"8"},"Corner Kicks":{"home":"4","away":"6"},"Offsides":{"home":"1","away":"1"},"Ball Possession":{"home":"35%","away":"65%"},"Yellow Cards":{"home":"2","away":"2"},"Red Cards":{"home":null,"away":null},"Goalkeeper Saves":{"home":"1","away":"1"},"Total passes":{"home":"352","away":"652"},"Passes accurate":{"home":"263","away":"566"},"Passes %":{"home":"75%","away":"87%"}}