{"Shots on Goal":{"home":"6","away":"3"},"Shots off Goal":{"home":"11","away":"1"},"Total Shots":{"home":"25","away":"6"},"Blocked Shots":{"home":"8","away":"2"},"Shots insidebox":{"home":"13","away":"3"},"Shots outsidebox":{"home":"12","away":"3"},"Fouls":{"home":"8","away":"9"},"Corner Kicks":{"home":"4","away":"5"},"Offsides":{"home":"1","away":"2"},"Ball Possession":{"home":"64%","away":"36%"},"Yellow Cards":{"home":"1","away":"3"},"Red Cards":{"home":null,"away":null},"Goalkeeper Saves":{"home":"0","away":"6"},"Total passes":{"home":"546","away":"295"},"Passes accurate":{"home":"421","away":"177"},"Passes %":{"home":"77%","away":"60%"}}