{"Shots on Goal":{"home":"2","away":"4"},"Shots off Goal":{"home":"4","away":"4"},"Total Shots":{"home":"7","away":"10"},"Blocked Shots":{"home":"1","away":"2"},"Shots insidebox":{"home":"3","away":"6"},"Shots outsidebox":{"home":"4","away":"4"},"Fouls":{"home":"6","away":"14"},"Corner Kicks":{"home":"3","away":"1"},"Offsides":{"home":"4","away":"1"},"Ball Possession":{"home":"32%","away":"68%"},"Yellow Cards":{"home":"0","away":"1"},"Red Cards":{"home":null,"away":null},"Goalkeeper Saves":{"home":"3","away":"1"},"Total passes":{"home":"299","away":"652"},"Passes accurate":{"home":"199","away":"547"},"Passes %":{"home":"67%","away":"84%"}}