{"Shots on Goal":{"home":"0","away":"1"},"Shots off Goal":{"home":"3","away":"0"},"Total Shots":{"home":"3","away":"2"},"Blocked Shots":{"home":"0","away":"1"},"Shots insidebox":{"home":"1","away":"1"},"Shots outsidebox":{"home":"2","away":"1"},"Fouls":{"home":"13","away":"21"},"Corner Kicks":{"home":"4","away":"5"},"Offsides":{"home":"2","away":"0"},"Ball Possession":{"home":"64%","away":"36%"},"Yellow Cards":{"home":"2","away":"4"},"Red Cards":{"home":null,"away":null},"Goalkeeper Saves":{"home":null,"away":null},"Total passes":{"home":"437","away":"230"},"Passes accurate":{"home":"338","away":"134"},"Passes %":{"home":"77%","away":"58%"}}