{"Shots on Goal":{"home":"0","away":"9"},"Shots off Goal":{"home":"1","away":"7"},"Total Shots":{"home":"3","away":"21"},"Blocked Shots":{"home":"2","away":"5"},"Shots insidebox":{"home":"3","away":"17"},"Shots outsidebox":{"home":"0","away":"4"},"Fouls":{"home":"5","away":"6"},"Corner Kicks":{"home":"1","away":"3"},"Offsides":{"home":"5","away":"1"},"Ball Possession":{"home":"26%","away":"74%"},"Yellow Cards":{"home":"0","away":"1"},"Red Cards":{"home":null,"away":null},"Goalkeeper Saves":{"home":"6","away":"0"},"Total passes":{"home":"305","away":"852"},"Passes accurate":{"home":"198","away":"759"},"Passes %":{"home":"65%","away":"89%"}}