{"Shots on Goal":{"home":"0","away":"2"},"Shots off Goal":{"home":"5","away":"4"},"Total Shots":{"home":"9","away":"6"},"Blocked Shots":{"home":"4","away":"0"},"Shots insidebox":{"home":"5","away":"5"},"Shots outsidebox":{"home":"4","away":"1"},"Fouls":{"home":"10","away":"11"},"Corner Kicks":{"home":"5","away":"4"},"Offsides":{"home":"0","away":"1"},"Ball Possession":{"home":"43%","away":"57%"},"Yellow Cards":{"home":"2","away":"3"},"Red Cards":{"home":null,"away":null},"Goalkeeper Saves":{"home":"2","away":"0"},"Total passes":{"home":"353","away":"484"},"Passes accurate":{"home":"280","away":"402"},"Passes %":{"home":"79%","away":"83%"}}