{"Shots on Goal":{"home":"5","away":"4"},"Shots off Goal":{"home":"7","away":"4"},"Total Shots":{"home":"17","away":"13"},"Blocked Shots":{"home":"5","away":"5"},"Shots insidebox":{"home":"12","away":"5"},"Shots outsidebox":{"home":"5","away":"8"},"Fouls":{"home":"17","away":"8"},"Corner Kicks":{"home":"6","away":"3"},"Offsides":{"home":"0","away":"1"},"Ball Possession":{"home":"49%","away":"51%"},"Yellow Cards":{"home":"4","away":"3"},"Red Cards":{"home":null,"away":null},"Goalkeeper Saves":{"home":"3","away":"3"},"Total passes":{"home":"374","away":"368"},"Passes accurate":{"home":"295","away":"293"},"Passes %":{"home":"79%","away":"80%"}}