{"Shots on Goal":{"home":"2","away":"8"},"Shots off Goal":{"home":"9","away":"8"},"Total Shots":{"home":"15","away":"23"},"Blocked Shots":{"home":"4","away":"7"},"Shots insidebox":{"home":"11","away":"21"},"Shots outsidebox":{"home":"4","away":"2"},"Fouls":{"home":"21","away":"15"},"Corner Kicks":{"home":"8","away":"5"},"Offsides":{"home":"0","away":"1"},"Ball Possession":{"home":"40%","away":"60%"},"Yellow Cards":{"home":"6","away":"2"},"Red Cards":{"home":null,"away":null},"Goalkeeper Saves":{"home":"4","away":"1"},"Total passes":{"home":"306","away":"478"},"Passes accurate":{"home":"234","away":"411"},"Passes %":{"home":"76%","away":"86%"}}