{"Shots on Goal":{"home":"5","away":"0"},"Shots off Goal":{"home":"8","away":"6"},"Total Shots":{"home":"21","away":"6"},"Blocked Shots":{"home":"8","away":"0"},"Shots insidebox":{"home":"10","away":"3"},"Shots outsidebox":{"home":"11","away":"3"},"Fouls":{"home":"15","away":"14"},"Corner Kicks":{"home":"10","away":"2"},"Offsides":{"home":"0","away":"1"},"Ball Possession":{"home":"67%","away":"33%"},"Yellow Cards":{"home":null,"away":null},"Red Cards":{"home":null,"away":null},"Goalkeeper Saves":{"home":"0","away":"4"},"Total passes":{"home":"521","away":"255"},"Passes accurate":{"home":"426","away":"144"},"Passes %":{"home":"82%","away":"56%"}}