{"Shots on Goal":{"home":"0","away":"9"},"Shots off Goal":{"home":"4","away":"8"},"Total Shots":{"home":"7","away":"19"},"Blocked Shots":{"home":"3","away":"2"},"Shots insidebox":{"home":"5","away":"16"},"Shots outsidebox":{"home":"2","away":"3"},"Fouls":{"home":"9","away":"1"},"Corner Kicks":{"home":"6","away":"7"},"Offsides":{"home":"2","away":"1"},"Ball Possession":{"home":"52%","away":"48%"},"Yellow Cards":{"home":"2","away":"0"},"Red Cards":{"home":null,"away":null},"Goalkeeper Saves":{"home":"7","away":"0"},"Total passes":{"home":"458","away":"418"},"Passes accurate":{"home":"385","away":"345"},"Passes %":{"home":"84%","away":"83%"}}