{"Shots on Goal":{"home":"7","away":"4"},"Shots off Goal":{"home":"5","away":"2"},"Total Shots":{"home":"13","away":"14"},"Blocked Shots":{"home":"1","away":"8"},"Shots insidebox":{"home":"8","away":"12"},"Shots outsidebox":{"home":"5","away":"2"},"Fouls":{"home":"7","away":"14"},"Corner Kicks":{"home":"3","away":"11"},"Offsides":{"home":"3","away":"2"},"Ball Possession":{"home":"50%","away":"50%"},"Yellow Cards":{"home":"2","away":"4"},"Red Cards":{"home":null,"away":null},"Goalkeeper Saves":{"home":"2","away":"6"},"Total passes":{"home":"455","away":"440"},"Passes accurate":{"home":"364","away":"357"},"Passes %":{"home":"80%","away":"81%"}}