{"Shots on Goal":{"home":"6","away":"2"},"Shots off Goal":{"home":"8","away":"6"},"Total Shots":{"home":"16","away":"8"},"Blocked Shots":{"home":"2","away":"0"},"Shots insidebox":{"home":"14","away":"5"},"Shots outsidebox":{"home":"2","away":"3"},"Fouls":{"home":"8","away":"6"},"Corner Kicks":{"home":"6","away":"3"},"Offsides":{"home":"5","away":"4"},"Ball Possession":{"home":"67%","away":"33%"},"Yellow Cards":{"home":"2","away":"1"},"Red Cards":{"home":null,"away":null},"Goalkeeper Saves":{"home":"2","away":"4"},"Total passes":{"home":"649","away":"309"},"Passes accurate":{"home":"538","away":"198"},"Passes %":{"home":"83%","away":"64%"}}