{"Shots on Goal":{"home":"5","away":"3"},"Shots off Goal":{"home":"5","away":"7"},"Total Shots":{"home":"12","away":"18"},"Blocked Shots":{"home":"2","away":"8"},"Shots insidebox":{"home":"9","away":"12"},"Shots outsidebox":{"home":"3","away":"6"},"Fouls":{"home":"10","away":"5"},"Corner Kicks":{"home":"4","away":"13"},"Offsides":{"home":"3","away":"5"},"Ball Possession":{"home":"44%","away":"56%"},"Yellow Cards":{"home":"0","away":"2"},"Red Cards":{"home":null,"away":null},"Goalkeeper Saves":{"home":"2","away":"2"},"Total passes":{"home":"411","away":"505"},"Passes accurate":{"home":"319","away":"422"},"Passes %":{"home":"78%","away":"84%"}}