{"Shots on Goal":{"home":"4","away":"5"},"Shots off Goal":{"home":"3","away":"5"},"Total Shots":{"home":"7","away":"13"},"Blocked Shots":{"home":"0","away":"3"},"Shots insidebox":{"home":"5","away":"7"},"Shots outsidebox":{"home":"2","away":"6"},"Fouls":{"home":"6","away":"6"},"Corner Kicks":{"home":"3","away":"7"},"Offsides":{"home":"1","away":"0"},"Ball Possession":{"home":"29%","away":"71%"},"Yellow Cards":{"home":"2","away":"0"},"Red Cards":{"home":null,"away":null},"Goalkeeper Saves":{"home":"3","away":"4"},"Total passes":{"home":"332","away":"828"},"Passes accurate":{"home":"238","away":"734"},"Passes %":{"home":"72%","away":"89%"}}