{"Shots on Goal":{"home":"6","away":"3"},"Shots off Goal":{"home":"3","away":"3"},"Total Shots":{"home":"11","away":"6"},"Blocked Shots":{"home":"2","away":"0"},"Shots insidebox":{"home":"7","away":"4"},"Shots outsidebox":{"home":"4","away":"2"},"Fouls":{"home":"6","away":"10"},"Corner Kicks":{"home":"6","away":"7"},"Offsides":{"home":"2","away":"4"},"Ball Possession":{"home":"63%","away":"37%"},"Yellow Cards":{"home":"1","away":"0"},"Red Cards":{"home":null,"away":null},"Goalkeeper Saves":{"home":"2","away":"3"},"Total passes":{"home":"542","away":"304"},"Passes accurate":{"home":"425","away":"196"},"Passes %":{"home":"78%","away":"64%"}}