{"Shots on Goal":{"home":"1","away":"5"},"Shots off Goal":{"home":"3","away":"5"},"Total Shots":{"home":"4","away":"14"},"Blocked Shots":{"home":"0","away":"4"},"Shots insidebox":{"home":"2","away":"12"},"Shots outsidebox":{"home":"2","away":"2"},"Fouls":{"home":"10","away":"17"},"Corner Kicks":{"home":"1","away":"3"},"Offsides":{"home":"1","away":"2"},"Ball Possession":{"home":"57%","away":"43%"},"Yellow Cards":{"home":"3","away":"2"},"Red Cards":{"home":null,"away":null},"Goalkeeper Saves":{"home":"4","away":"0"},"Total passes":{"home":"511","away":"385"},"Passes accurate":{"home":"399","away":"288"},"Passes %":{"home":"78%","away":"75%"}}