{"Shots on Goal":{"home":"6","away":"4"},"Shots off Goal":{"home":"7","away":"4"},"Total Shots":{"home":"16","away":"12"},"Blocked Shots":{"home":"3","away":"4"},"Shots insidebox":{"home":"8","away":"9"},"Shots outsidebox":{"home":"8","away":"3"},"Fouls":{"home":"8","away":"7"},"Corner Kicks":{"home":"9","away":"8"},"Offsides":{"home":"3","away":"0"},"Ball Possession":{"home":"40%","away":"60%"},"Yellow Cards":{"home":"0","away":"1"},"Red Cards":{"home":null,"away":null},"Goalkeeper Saves":{"home":"2","away":"5"},"Total passes":{"home":"330","away":"510"},"Passes accurate":{"home":"246","away":"416"},"Passes %":{"home":"75%","away":"82%"}}