{"Shots on Goal":{"home":"3","away":"11"},"Shots off Goal":{"home":"5","away":"7"},"Total Shots":{"home":"10","away":"21"},"Blocked Shots":{"home":"2","away":"3"},"Shots insidebox":{"home":"6","away":"13"},"Shots outsidebox":{"home":"4","away":"8"},"Fouls":{"home":"13","away":"10"},"Corner Kicks":{"home":"1","away":"10"},"Offsides":{"home":"1","away":"0"},"Ball Possession":{"home":"46%","away":"54%"},"Yellow Cards":{"home":"2","away":"2"},"Red Cards":{"home":null,"away":null},"Goalkeeper Saves":{"home":"8","away":"2"},"Total passes":{"home":"417","away":"480"},"Passes accurate":{"home":"330","away":"406"},"Passes %":{"home":"79%","away":"85%"}}