{"Shots on Goal":{"home":"5","away":"2"},"Shots off Goal":{"home":"7","away":"6"},"Total Shots":{"home":"17","away":"12"},"Blocked Shots":{"home":"5","away":"4"},"Shots insidebox":{"home":"7","away":"7"},"Shots outsidebox":{"home":"10","away":"5"},"Fouls":{"home":"7","away":"13"},"Corner Kicks":{"home":"10","away":"4"},"Offsides":{"home":"1","away":"0"},"Ball Possession":{"home":"65%","away":"35%"},"Yellow Cards":{"home":"1","away":"4"},"Red Cards":{"home":"0","away":"1"},"Goalkeeper Saves":{"home":"0","away":"5"},"Total passes":{"home":"597","away":"316"},"Passes accurate":{"home":"523","away":"232"},"Passes %":{"home":"88%","away":"73%"}}