{"Shots on Goal":{"home":"10","away":"5"},"Shots off Goal":{"home":"8","away":"2"},"Total Shots":{"home":"26","away":"11"},"Blocked Shots":{"home":"8","away":"4"},"Shots insidebox":{"home":"22","away":"8"},"Shots outsidebox":{"home":"4","away":"3"},"Fouls":{"home":"10","away":"5"},"Corner Kicks":{"home":"13","away":"7"},"Offsides":{"home":"1","away":"2"},"Ball Possession":{"home":"63%","away":"37%"},"Yellow Cards":{"home":"3","away":"1"},"Red Cards":{"home":"1","away":"0"},"Goalkeeper Saves":{"home":"5","away":"6"},"Total passes":{"home":"597","away":"341"},"Passes accurate":{"home":"524","away":"273"},"Passes %":{"home":"88%","away":"80%"}}