{"Shots on Goal":{"home":"4","away":"2"},"Shots off Goal":{"home":"8","away":"4"},"Total Shots":{"home":"15","away":"7"},"Blocked Shots":{"home":"3","away":"1"},"Shots insidebox":{"home":"12","away":"6"},"Shots outsidebox":{"home":"3","away":"1"},"Fouls":{"home":"13","away":"9"},"Corner Kicks":{"home":"5","away":"6"},"Offsides":{"home":"1","away":"1"},"Ball Possession":{"home":"43%","away":"57%"},"Yellow Cards":{"home":"2","away":"0"},"Red Cards":{"home":null,"away":null},"Goalkeeper Saves":{"home":"1","away":"3"},"Total passes":{"home":"347","away":"464"},"Passes accurate":{"home":"229","away":"348"},"Passes %":{"home":"66%","away":"75%"}}