{"Shots on Goal":{"home":"3","away":"0"},"Shots off Goal":{"home":"2","away":"7"},"Total Shots":{"home":"7","away":"8"},"Blocked Shots":{"home":"2","away":"1"},"Shots insidebox":{"home":"7","away":"5"},"Shots outsidebox":{"home":"0","away":"3"},"Fouls":{"home":"10","away":"9"},"Corner Kicks":{"home":"3","away":"2"},"Offsides":{"home":"3","away":"0"},"Ball Possession":{"home":"56%","away":"44%"},"Yellow Cards":{"home":"2","away":"2"},"Red Cards":{"home":null,"away":null},"Goalkeeper Saves":{"home":"0","away":"1"},"Total passes":{"home":"512","away":"396"},"Passes accurate":{"home":"394","away":"272"},"Passes %":{"home":"77%","away":"69%"}}