{"Shots on Goal":{"home":"3","away":"5"},"Shots off Goal":{"home":"3","away":"3"},"Total Shots":{"home":"7","away":"15"},"Blocked Shots":{"home":"1","away":"7"},"Shots insidebox":{"home":"3","away":"6"},"Shots outsidebox":{"home":"4","away":"9"},"Fouls":{"home":"14","away":"8"},"Corner Kicks":{"home":"5","away":"10"},"Offsides":{"home":"5","away":"3"},"Ball Possession":{"home":"40%","away":"60%"},"Yellow Cards":{"home":"5","away":"3"},"Red Cards":{"home":null,"away":null},"Goalkeeper Saves":{"home":"5","away":"3"},"Total passes":{"home":"337","away":"501"},"Passes accurate":{"home":"253","away":"417"},"Passes %":{"home":"75%","away":"83%"}}