{"Shots on Goal":{"home":"7","away":"3"},"Shots off Goal":{"home":"6","away":"2"},"Total Shots":{"home":"13","away":"6"},"Blocked Shots":{"home":"0","away":"1"},"Shots insidebox":{"home":"12","away":"4"},"Shots outsidebox":{"home":"1","away":"2"},"Fouls":{"home":"8","away":"9"},"Corner Kicks":{"home":"5","away":"4"},"Offsides":{"home":"3","away":"3"},"Ball Possession":{"home":"49%","away":"51%"},"Yellow Cards":{"home":"1","away":"2"},"Red Cards":{"home":null,"away":null},"Goalkeeper Saves":{"home":"3","away":"5"},"Total passes":{"home":"479","away":"496"},"Passes accurate":{"home":"390","away":"404"},"Passes %":{"home":"81%","away":"81%"}}