{"Shots on Goal":{"home":"2","away":"2"},"Shots off Goal":{"home":"4","away":"5"},"Total Shots":{"home":"9","away":"7"},"Blocked Shots":{"home":"3","away":"0"},"Shots insidebox":{"home":"5","away":"6"},"Shots outsidebox":{"home":"4","away":"1"},"Fouls":{"home":"6","away":"11"},"Corner Kicks":{"home":"4","away":"3"},"Offsides":{"home":"2","away":"3"},"Ball Possession":{"home":"69%","away":"31%"},"Yellow Cards":{"home":"1","away":"3"},"Red Cards":{"home":null,"away":null},"Goalkeeper Saves":{"home":"1","away":"2"},"Total passes":{"home":"648","away":"293"},"Passes accurate":{"home":"532","away":"188"},"Passes %":{"home":"82%","away":"64%"}}