{"Shots on Goal":{"home":"5","away":"6"},"Shots off Goal":{"home":"3","away":"11"},"Total Shots":{"home":"12","away":"21"},"Blocked Shots":{"home":"4","away":"4"},"Shots insidebox":{"home":"12","away":"11"},"Shots outsidebox":{"home":"0","away":"10"},"Fouls":{"home":"13","away":"19"},"Corner Kicks":{"home":"6","away":"8"},"Offsides":{"home":"2","away":"1"},"Ball Possession":{"home":"61%","away":"39%"},"Yellow Cards":{"home":"6","away":"2"},"Red Cards":{"home":null,"away":null},"Goalkeeper Saves":{"home":"4","away":"3"},"Total passes":{"home":"487","away":"316"},"Passes accurate":{"home":"404","away":"235"},"Passes %":{"home":"83%","away":"74%"}}