{"Shots on Goal":{"home":"7","away":"5"},"Shots off Goal":{"home":"3","away":"1"},"Total Shots":{"home":"12","away":"8"},"Blocked Shots":{"home":"2","away":"2"},"Shots insidebox":{"home":"7","away":"5"},"Shots outsidebox":{"home":"5","away":"3"},"Fouls":{"home":"9","away":"9"},"Corner Kicks":{"home":"4","away":"3"},"Offsides":{"home":"1","away":"1"},"Ball Possession":{"home":"46%","away":"54%"},"Yellow Cards":{"home":"0","away":"1"},"Red Cards":{"home":null,"away":null},"Goalkeeper Saves":{"home":"4","away":"5"},"Total passes":{"home":"441","away":"497"},"Passes accurate":{"home":"335","away":"393"},"Passes %":{"home":"76%","away":"79%"}}