{"Shots on Goal":{"home":"4","away":"6"},"Shots off Goal":{"home":"3","away":"2"},"Total Shots":{"home":"8","away":"10"},"Blocked Shots":{"home":"1","away":"2"},"Shots insidebox":{"home":"5","away":"7"},"Shots outsidebox":{"home":"3","away":"3"},"Fouls":{"home":"12","away":"12"},"Corner Kicks":{"home":"0","away":"5"},"Offsides":{"home":"3","away":"2"},"Ball Possession":{"home":"55%","away":"45%"},"Yellow Cards":{"home":"2","away":"1"},"Red Cards":{"home":null,"away":null},"Goalkeeper Saves":{"home":"5","away":"2"},"Total passes":{"home":"533","away":"425"},"Passes accurate":{"home":"431","away":"343"},"Passes %":{"home":"81%","away":"81%"}}