{"Shots on Goal":{"home":"5","away":"6"},"Shots off Goal":{"home":"8","away":"8"},"Total Shots":{"home":"15","away":"20"},"Blocked Shots":{"home":"2","away":"6"},"Shots insidebox":{"home":"12","away":"13"},"Shots outsidebox":{"home":"3","away":"7"},"Fouls":{"home":"10","away":"12"},"Corner Kicks":{"home":"4","away":"8"},"Offsides":{"home":"1","away":"0"},"Ball Possession":{"home":"52%","away":"48%"},"Yellow Cards":{"home":"0","away":"2"},"Red Cards":{"home":null,"away":null},"Goalkeeper Saves":{"home":"4","away":"2"},"Total passes":{"home":"514","away":"455"},"Passes accurate":{"home":"415","away":"358"},"Passes %":{"home":"81%","away":"79%"}}