{"Shots on Goal":{"home":"2","away":"6"},"Shots off Goal":{"home":"1","away":"10"},"Total Shots":{"home":"4","away":"25"},"Blocked Shots":{"home":"1","away":"9"},"Shots insidebox":{"home":"3","away":"18"},"Shots outsidebox":{"home":"1","away":"7"},"Fouls":{"home":"12","away":"9"},"Corner Kicks":{"home":"2","away":"10"},"Offsides":{"home":"3","away":"2"},"Ball Possession":{"home":"26%","away":"74%"},"Yellow Cards":{"home":"1","away":"2"},"Red Cards":{"home":null,"away":null},"Goalkeeper Saves":{"home":"4","away":"1"},"Total passes":{"home":"226","away":"634"},"Passes accurate":{"home":"132","away":"533"},"Passes %":{"home":"58%","away":"84%"}}