{"Shots on Goal":{"home":"2","away":"5"},"Shots off Goal":{"home":"7","away":"5"},"Total Shots":{"home":"13","away":"13"},"Blocked Shots":{"home":"4","away":"3"},"Shots insidebox":{"home":"7","away":"9"},"Shots outsidebox":{"home":"6","away":"4"},"Fouls":{"home":"8","away":"16"},"Corner Kicks":{"home":"3","away":"6"},"Offsides":{"home":"1","away":"1"},"Ball Possession":{"home":"43%","away":"57%"},"Yellow Cards":{"home":"2","away":"2"},"Red Cards":{"home":"1","away":"0"},"Goalkeeper Saves":{"home":"4","away":"1"},"Total passes":{"home":"405","away":"533"},"Passes accurate":{"home":"317","away":"451"},"Passes %":{"home":"78%","away":"85%"}}