{"Shots on Goal":{"home":"7","away":"5"},"Shots off Goal":{"home":"7","away":"3"},"Total Shots":{"home":"18","away":"13"},"Blocked Shots":{"home":"4","away":"5"},"Shots insidebox":{"home":"12","away":"12"},"Shots outsidebox":{"home":"6","away":"1"},"Fouls":{"home":"12","away":"11"},"Corner Kicks":{"home":"7","away":"7"},"Offsides":{"home":null,"away":null},"Ball Possession":{"home":"57%","away":"43%"},"Yellow Cards":{"home":"3","away":"5"},"Red Cards":{"home":null,"away":null},"Goalkeeper Saves":{"home":"3","away":"7"},"Total passes":{"home":"401","away":"307"},"Passes accurate":{"home":"305","away":"218"},"Passes %":{"home":"76%","away":"71%"}}