{"Shots on Goal":{"home":"1","away":"7"},"Shots off Goal":{"home":"4","away":"3"},"Total Shots":{"home":"6","away":"14"},"Blocked Shots":{"home":"1","away":"4"},"Shots insidebox":{"home":"2","away":"9"},"Shots outsidebox":{"home":"4","away":"5"},"Fouls":{"home":"9","away":"24"},"Corner Kicks":{"home":"3","away":"3"},"Offsides":{"home":"2","away":"1"},"Ball Possession":{"home":"42%","away":"58%"},"Yellow Cards":{"home":"1","away":"4"},"Red Cards":{"home":null,"away":null},"Goalkeeper Saves":{"home":"4","away":"1"},"Total passes":{"home":"480","away":"669"},"Passes accurate":{"home":"416","away":"606"},"Passes %":{"home":"87%","away":"91%"}}