{"Shots on Goal":{"home":"2","away":"4"},"Shots off Goal":{"home":"9","away":"3"},"Total Shots":{"home":"11","away":"11"},"Blocked Shots":{"home":"0","away":"4"},"Shots insidebox":{"home":"7","away":"9"},"Shots outsidebox":{"home":"4","away":"2"},"Fouls":{"home":"9","away":"14"},"Corner Kicks":{"home":"5","away":"8"},"Offsides":{"home":"4","away":"2"},"Ball Possession":{"home":"57%","away":"43%"},"Yellow Cards":{"home":"1","away":"3"},"Red Cards":{"home":null,"away":null},"Goalkeeper Saves":{"home":"3","away":"2"},"Total passes":{"home":"474","away":"359"},"Passes accurate":{"home":"342","away":"218"},"Passes %":{"home":"72%","away":"61%"}}