{"Shots on Goal":{"home":"7","away":"4"},"Shots off Goal":{"home":"3","away":"7"},"Total Shots":{"home":"13","away":"15"},"Blocked Shots":{"home":"3","away":"4"},"Shots insidebox":{"home":"10","away":"11"},"Shots outsidebox":{"home":"3","away":"4"},"Fouls":{"home":"14","away":"9"},"Corner Kicks":{"home":"1","away":"5"},"Offsides":{"home":"2","away":"3"},"Ball Possession":{"home":"30%","away":"70%"},"Yellow Cards":{"home":"3","away":"0"},"Red Cards":{"home":null,"away":null},"Goalkeeper Saves":{"home":"3","away":"4"},"Total passes":{"home":"255","away":"594"},"Passes accurate":{"home":"160","away":"505"},"Passes %":{"home":"63%","away":"85%"}}