{"Shots on Goal":{"home":"6","away":"3"},"Shots off Goal":{"home":"7","away":"4"},"Total Shots":{"home":"16","away":"9"},"Blocked Shots":{"home":"3","away":"2"},"Shots insidebox":{"home":"10","away":"7"},"Shots outsidebox":{"home":"6","away":"2"},"Fouls":{"home":"16","away":"8"},"Corner Kicks":{"home":"9","away":"9"},"Offsides":{"home":"1","away":"4"},"Ball Possession":{"home":"62%","away":"38%"},"Yellow Cards":{"home":"4","away":"1"},"Red Cards":{"home":null,"away":null},"Goalkeeper Saves":{"home":"1","away":"5"},"Total passes":{"home":"525","away":"309"},"Passes accurate":{"home":"452","away":"221"},"Passes %":{"home":"86%","away":"72%"}}