{"Shots on Goal":{"home":"3","away":"3"},"Shots off Goal":{"home":"5","away":"0"},"Total Shots":{"home":"10","away":"5"},"Blocked Shots":{"home":"2","away":"2"},"Shots insidebox":{"home":"6","away":"4"},"Shots outsidebox":{"home":"4","away":"1"},"Fouls":{"home":"10","away":"9"},"Corner Kicks":{"home":"8","away":"1"},"Offsides":{"home":"1","away":"2"},"Ball Possession":{"home":"66%","away":"34%"},"Yellow Cards":{"home":"3","away":"2"},"Red Cards":{"home":null,"away":null},"Goalkeeper Saves":{"home":"1","away":"3"},"Total passes":{"home":"688","away":"362"},"Passes accurate":{"home":"556","away":"228"},"Passes %":{"home":"81%","away":"63%"}}