{"Shots on Goal":{"home":"4","away":"4"},"Shots off Goal":{"home":"7","away":"3"},"Total Shots":{"home":"12","away":"10"},"Blocked Shots":{"home":"1","away":"3"},"Shots insidebox":{"home":"9","away":"9"},"Shots outsidebox":{"home":"3","away":"1"},"Fouls":{"home":"7","away":"10"},"Corner Kicks":{"home":"10","away":"4"},"Offsides":{"home":"4","away":"4"},"Ball Possession":{"home":"60%","away":"40%"},"Yellow Cards":{"home":"2","away":"2"},"Red Cards":{"home":null,"away":null},"Goalkeeper Saves":{"home":"2","away":"3"},"Total passes":{"home":"545","away":"357"},"Passes accurate":{"home":"436","away":"261"},"Passes %":{"home":"80%","away":"73%"}}