{"Shots on Goal":{"home":"2","away":"3"},"Shots off Goal":{"home":"5","away":"4"},"Total Shots":{"home":"8","away":"9"},"Blocked Shots":{"home":"1","away":"2"},"Shots insidebox":{"home":"5","away":"5"},"Shots outsidebox":{"home":"3","away":"4"},"Fouls":{"home":"10","away":"12"},"Corner Kicks":{"home":"7","away":"12"},"Offsides":{"home":"1","away":"1"},"Ball Possession":{"home":"31%","away":"69%"},"Yellow Cards":{"home":"4","away":"4"},"Red Cards":{"home":null,"away":null},"Goalkeeper Saves":{"home":"3","away":"1"},"Total passes":{"home":"287","away":"633"},"Passes accurate":{"home":"205","away":"548"},"Passes %":{"home":"71%","away":"87%"}}