{"Shots on Goal":{"home":"5","away":"3"},"Shots off Goal":{"home":"8","away":"3"},"Total Shots":{"home":"18","away":"10"},"Blocked Shots":{"home":"5","away":"4"},"Shots insidebox":{"home":"10","away":"6"},"Shots outsidebox":{"home":"8","away":"4"},"Fouls":{"home":"11","away":"15"},"Corner Kicks":{"home":"12","away":"4"},"Offsides":{"home":"0","away":"1"},"Ball Possession":{"home":"56%","away":"44%"},"Yellow Cards":{"home":"0","away":"5"},"Red Cards":{"home":null,"away":null},"Goalkeeper Saves":{"home":"2","away":"5"},"Total passes":{"home":"513","away":"397"},"Passes accurate":{"home":"431","away":"313"},"Passes %":{"home":"84%","away":"79%"}}