{"Shots on Goal":{"home":"6","away":"4"},"Shots off Goal":{"home":"4","away":"6"},"Total Shots":{"home":"13","away":"15"},"Blocked Shots":{"home":"3","away":"5"},"Shots insidebox":{"home":"9","away":"5"},"Shots outsidebox":{"home":"4","away":"10"},"Fouls":{"home":"14","away":"12"},"Corner Kicks":{"home":"4","away":"10"},"Offsides":{"home":"1","away":"4"},"Ball Possession":{"home":"42%","away":"58%"},"Yellow Cards":{"home":"4","away":"3"},"Red Cards":{"home":null,"away":null},"Goalkeeper Saves":{"home":"4","away":"5"},"Total passes":{"home":"366","away":"488"},"Passes accurate":{"home":"262","away":"383"},"Passes %":{"home":"72%","away":"78%"}}