{"Shots on Goal":{"home":"3","away":"4"},"Shots off Goal":{"home":"4","away":"5"},"Total Shots":{"home":"13","away":"10"},"Blocked Shots":{"home":"6","away":"1"},"Shots insidebox":{"home":"8","away":"9"},"Shots outsidebox":{"home":"5","away":"1"},"Fouls":{"home":"12","away":"18"},"Corner Kicks":{"home":"7","away":"2"},"Offsides":{"home":"1","away":"3"},"Ball Possession":{"home":"59%","away":"41%"},"Yellow Cards":{"home":"1","away":"5"},"Red Cards":{"home":null,"away":null},"Goalkeeper Saves":{"home":"3","away":"3"},"Total passes":{"home":"517","away":"361"},"Passes accurate":{"home":"422","away":"270"},"Passes %":{"home":"82%","away":"75%"}}