{"Shots on Goal":{"home":"3","away":"4"},"Shots off Goal":{"home":"2","away":"7"},"Total Shots":{"home":"8","away":"16"},"Blocked Shots":{"home":"3","away":"5"},"Shots insidebox":{"home":"4","away":"9"},"Shots outsidebox":{"home":"4","away":"7"},"Fouls":{"home":"12","away":"11"},"Corner Kicks":{"home":"4","away":"5"},"Offsides":{"home":"2","away":"0"},"Ball Possession":{"home":"42%","away":"58%"},"Yellow Cards":{"home":"2","away":"0"},"Red Cards":{"home":null,"away":null},"Goalkeeper Saves":{"home":"4","away":"2"},"Total passes":{"home":"365","away":"503"},"Passes accurate":{"home":"282","away":"420"},"Passes %":{"home":"77%","away":"83%"}}