{"Shots on Goal":{"home":"3","away":"5"},"Shots off Goal":{"home":"5","away":"7"},"Total Shots":{"home":"12","away":"14"},"Blocked Shots":{"home":"4","away":"2"},"Shots insidebox":{"home":"3","away":"11"},"Shots outsidebox":{"home":"9","away":"3"},"Fouls":{"home":"15","away":"16"},"Corner Kicks":{"home":"5","away":"6"},"Offsides":{"home":"2","away":"1"},"Ball Possession":{"home":"44%","away":"56%"},"Yellow Cards":{"home":"2","away":"2"},"Red Cards":{"home":null,"away":null},"Goalkeeper Saves":{"home":"3","away":"3"},"Total passes":{"home":"334","away":"431"},"Passes accurate":{"home":"262","away":"353"},"Passes %":{"home":"78%","away":"82%"}}