{"Shots on Goal":{"home":"4","away":"8"},"Shots off Goal":{"home":"5","away":"4"},"Total Shots":{"home":"10","away":"24"},"Blocked Shots":{"home":"1","away":"12"},"Shots insidebox":{"home":"9","away":"15"},"Shots outsidebox":{"home":"1","away":"9"},"Fouls":{"home":"6","away":"15"},"Corner Kicks":{"home":"8","away":"9"},"Offsides":{"home":"2","away":"2"},"Ball Possession":{"home":"57%","away":"43%"},"Yellow Cards":{"home":"0","away":"2"},"Red Cards":{"home":null,"away":null},"Goalkeeper Saves":{"home":"7","away":"3"},"Total passes":{"home":"539","away":"398"},"Passes accurate":{"home":"465","away":"317"},"Passes %":{"home":"86%","away":"80%"}}