{"Shots on Goal":{"home":"5","away":"7"},"Shots off Goal":{"home":"5","away":"2"},"Total Shots":{"home":"13","away":"16"},"Blocked Shots":{"home":"3","away":"7"},"Shots insidebox":{"home":"10","away":"9"},"Shots outsidebox":{"home":"3","away":"7"},"Fouls":{"home":"7","away":"8"},"Corner Kicks":{"home":"5","away":"6"},"Offsides":{"home":"1","away":"0"},"Ball Possession":{"home":"36%","away":"64%"},"Yellow Cards":{"home":"3","away":"2"},"Red Cards":{"home":null,"away":null},"Goalkeeper Saves":{"home":"3","away":"3"},"Total passes":{"home":"390","away":"691"},"Passes accurate":{"home":"286","away":"589"},"Passes %":{"home":"73%","away":"85%"}}