{"Shots on Goal":{"home":"5","away":"0"},"Shots off Goal":{"home":"12","away":"4"},"Total Shots":{"home":"21","away":"7"},"Blocked Shots":{"home":"4","away":"3"},"Shots insidebox":{"home":"15","away":"5"},"Shots outsidebox":{"home":"6","away":"2"},"Fouls":{"home":"11","away":"8"},"Corner Kicks":{"home":"8","away":"3"},"Offsides":{"home":"3","away":"1"},"Ball Possession":{"home":"58%","away":"42%"},"Yellow Cards":{"home":"0","away":"1"},"Red Cards":{"home":null,"away":null},"Goalkeeper Saves":{"home":"0","away":"3"},"Total passes":{"home":"538","away":"391"},"Passes accurate":{"home":"452","away":"307"},"Passes %":{"home":"84%","away":"79%"}}