{"Shots on Goal":{"home":"3","away":"8"},"Shots off Goal":{"home":"3","away":"6"},"Total Shots":{"home":"11","away":"17"},"Blocked Shots":{"home":"5","away":"3"},"Shots insidebox":{"home":"8","away":"10"},"Shots outsidebox":{"home":"3","away":"7"},"Fouls":{"home":"16","away":"11"},"Corner Kicks":{"home":"3","away":"5"},"Offsides":{"home":"5","away":"4"},"Ball Possession":{"home":"36%","away":"64%"},"Yellow Cards":{"home":"3","away":"1"},"Red Cards":{"home":null,"away":null},"Goalkeeper Saves":{"home":"8","away":"1"},"Total passes":{"home":"313","away":"563"},"Passes accurate":{"home":"210","away":"467"},"Passes %":{"home":"67%","away":"83%"}}