{"Shots on Goal":{"home":"12","away":"4"},"Shots off Goal":{"home":"1","away":"2"},"Total Shots":{"home":"14","away":"7"},"Blocked Shots":{"home":"1","away":"1"},"Shots insidebox":{"home":"9","away":"3"},"Shots outsidebox":{"home":"5","away":"4"},"Fouls":{"home":"17","away":"10"},"Corner Kicks":{"home":"11","away":"4"},"Offsides":{"home":"7","away":"1"},"Ball Possession":{"home":"40%","away":"60%"},"Yellow Cards":{"home":"2","away":"1"},"Red Cards":{"home":null,"away":null},"Goalkeeper Saves":{"home":"4","away":"10"},"Total passes":{"home":"299","away":"459"},"Passes accurate":{"home":"208","away":"348"},"Passes %":{"home":"70%","away":"76%"}}