{"Shots on Goal":{"home":"6","away":"8"},"Shots off Goal":{"home":"7","away":"5"},"Total Shots":{"home":"19","away":"17"},"Blocked Shots":{"home":"6","away":"4"},"Shots insidebox":{"home":"9","away":"11"},"Shots outsidebox":{"home":"10","away":"6"},"Fouls":{"home":"16","away":"15"},"Corner Kicks":{"home":"7","away":"5"},"Offsides":{"home":"2","away":"3"},"Ball Possession":{"home":"56%","away":"44%"},"Yellow Cards":{"home":"2","away":"1"},"Red Cards":{"home":null,"away":null},"Goalkeeper Saves":{"home":"5","away":"5"},"Total passes":{"home":"432","away":"341"},"Passes accurate":{"home":"335","away":"234"},"Passes %":{"home":"78%","away":"69%"}}