{"Shots on Goal":{"home":"7","away":"5"},"Shots off Goal":{"home":"5","away":"4"},"Total Shots":{"home":"15","away":"12"},"Blocked Shots":{"home":"3","away":"3"},"Shots insidebox":{"home":"12","away":"5"},"Shots outsidebox":{"home":"3","away":"7"},"Fouls":{"home":"3","away":"10"},"Corner Kicks":{"home":"4","away":"5"},"Offsides":{"home":"1","away":"6"},"Ball Possession":{"home":"44%","away":"56%"},"Yellow Cards":{"home":null,"away":null},"Red Cards":{"home":"1","away":"0"},"Goalkeeper Saves":{"home":"4","away":"5"},"Total passes":{"home":"482","away":"592"},"Passes accurate":{"home":"388","away":"497"},"Passes %":{"home":"80%","away":"84%"}}