{"Shots on Goal":{"home":"4","away":"2"},"Shots off Goal":{"home":"8","away":"5"},"Total Shots":{"home":"13","away":"10"},"Blocked Shots":{"home":"1","away":"3"},"Shots insidebox":{"home":"11","away":"7"},"Shots outsidebox":{"home":"2","away":"3"},"Fouls":{"home":"5","away":"10"},"Corner Kicks":{"home":"7","away":"6"},"Offsides":{"home":"1","away":"2"},"Ball Possession":{"home":"58%","away":"42%"},"Yellow Cards":{"home":"0","away":"2"},"Red Cards":{"home":null,"away":null},"Goalkeeper Saves":{"home":"1","away":"2"},"Total passes":{"home":"557","away":"390"},"Passes accurate":{"home":"464","away":"288"},"Passes %":{"home":"83%","away":"74%"}}