{"Shots on Goal":{"home":"4","away":"2"},"Shots off Goal":{"home":"7","away":"6"},"Total Shots":{"home":"15","away":"11"},"Blocked Shots":{"home":"4","away":"3"},"Shots insidebox":{"home":"7","away":"8"},"Shots outsidebox":{"home":"8","away":"3"},"Fouls":{"home":"5","away":"9"},"Corner Kicks":{"home":"8","away":"2"},"Offsides":{"home":"3","away":"4"},"Ball Possession":{"home":"46%","away":"54%"},"Yellow Cards":{"home":"1","away":"1"},"Red Cards":{"home":null,"away":null},"Goalkeeper Saves":{"home":"1","away":"2"},"Total passes":{"home":"558","away":"644"},"Passes accurate":{"home":"477","away":"574"},"Passes %":{"home":"85%","away":"89%"}}