{"Shots on Goal":{"home":"4","away":"3"},"Shots off Goal":{"home":"4","away":"3"},"Total Shots":{"home":"11","away":"10"},"Blocked Shots":{"home":"3","away":"4"},"Shots insidebox":{"home":"6","away":"7"},"Shots outsidebox":{"home":"5","away":"3"},"Fouls":{"home":"12","away":"6"},"Corner Kicks":{"home":"4","away":"3"},"Offsides":{"home":"1","away":"0"},"Ball Possession":{"home":"35%","away":"65%"},"Yellow Cards":{"home":"2","away":"0"},"Red Cards":{"home":null,"away":null},"Goalkeeper Saves":{"home":"0","away":"3"},"Total passes":{"home":"365","away":"675"},"Passes accurate":{"home":"288","away":"584"},"Passes %":{"home":"79%","away":"87%"}}