{"Shots on Goal":{"home":"2","away":"3"},"Shots off Goal":{"home":"3","away":"2"},"Total Shots":{"home":"7","away":"6"},"Blocked Shots":{"home":"2","away":"1"},"Shots insidebox":{"home":"4","away":"4"},"Shots outsidebox":{"home":"3","away":"2"},"Fouls":{"home":"6","away":"15"},"Corner Kicks":{"home":"6","away":"9"},"Offsides":{"home":"1","away":"0"},"Ball Possession":{"home":"30%","away":"70%"},"Yellow Cards":{"home":"3","away":"3"},"Red Cards":{"home":"1","away":"0"},"Goalkeeper Saves":{"home":"3","away":"1"},"Total passes":{"home":"259","away":"576"},"Passes accurate":{"home":"190","away":"499"},"Passes %":{"home":"73%","away":"87%"}}