{"Shots on Goal":{"home":"3","away":"15"},"Shots off Goal":{"home":"2","away":"5"},"Total Shots":{"home":"6","away":"25"},"Blocked Shots":{"home":"1","away":"5"},"Shots insidebox":{"home":"3","away":"16"},"Shots outsidebox":{"home":"3","away":"9"},"Fouls":{"home":"3","away":"12"},"Corner Kicks":{"home":"2","away":"7"},"Offsides":{"home":"1","away":"0"},"Ball Possession":{"home":"27%","away":"73%"},"Yellow Cards":{"home":null,"away":null},"Red Cards":{"home":"1","away":"0"},"Goalkeeper Saves":{"home":"6","away":"3"},"Total passes":{"home":"272","away":"709"},"Passes accurate":{"home":"173","away":"611"},"Passes %":{"home":"64%","away":"86%"}}