{"Shots on Goal":{"home":"6","away":"4"},"Shots off Goal":{"home":"8","away":"1"},"Total Shots":{"home":"19","away":"5"},"Blocked Shots":{"home":"5","away":"0"},"Shots insidebox":{"home":"14","away":"5"},"Shots outsidebox":{"home":"5","away":"0"},"Fouls":{"home":"0","away":"16"},"Corner Kicks":{"home":"9","away":"3"},"Offsides":{"home":"3","away":"0"},"Ball Possession":{"home":"65%","away":"35%"},"Yellow Cards":{"home":"0","away":"3"},"Red Cards":{"home":null,"away":null},"Goalkeeper Saves":{"home":"3","away":"6"},"Total passes":{"home":"671","away":"354"},"Passes accurate":{"home":"589","away":"248"},"Passes %":{"home":"88%","away":"70%"}}