{"Shots on Goal":{"home":"6","away":"4"},"Shots off Goal":{"home":"0","away":"10"},"Total Shots":{"home":"12","away":"19"},"Blocked Shots":{"home":"6","away":"5"},"Shots insidebox":{"home":"7","away":"12"},"Shots outsidebox":{"home":"5","away":"7"},"Fouls":{"home":"11","away":"17"},"Corner Kicks":{"home":"3","away":"12"},"Offsides":{"home":"0","away":"1"},"Ball Possession":{"home":"45%","away":"55%"},"Yellow Cards":{"home":"1","away":"3"},"Red Cards":{"home":null,"away":null},"Goalkeeper Saves":{"home":"3","away":"4"},"Total passes":{"home":"344","away":"410"},"Passes accurate":{"home":"233","away":"297"},"Passes %":{"home":"68%","away":"72%"}}