{"Shots on Goal":{"home":"6","away":"3"},"Shots off Goal":{"home":"7","away":"5"},"Total Shots":{"home":"16","away":"11"},"Blocked Shots":{"home":"3","away":"3"},"Shots insidebox":{"home":"13","away":"9"},"Shots outsidebox":{"home":"3","away":"2"},"Fouls":{"home":"7","away":"9"},"Corner Kicks":{"home":"4","away":"4"},"Offsides":{"home":"1","away":"3"},"Ball Possession":{"home":"69%","away":"31%"},"Yellow Cards":{"home":"0","away":"1"},"Red Cards":{"home":null,"away":null},"Goalkeeper Saves":{"home":"2","away":"4"},"Total passes":{"home":"652","away":"275"},"Passes accurate":{"home":"544","away":"185"},"Passes %":{"home":"83%","away":"67%"}}