{"Shots on Goal":{"home":"12","away":"2"},"Shots off Goal":{"home":"7","away":"3"},"Total Shots":{"home":"23","away":"5"},"Blocked Shots":{"home":"4","away":"0"},"Shots insidebox":{"home":"17","away":"3"},"Shots outsidebox":{"home":"6","away":"2"},"Fouls":{"home":"14","away":"9"},"Corner Kicks":{"home":"6","away":"0"},"Offsides":{"home":"1","away":"3"},"Ball Possession":{"home":"62%","away":"38%"},"Yellow Cards":{"home":"2","away":"2"},"Red Cards":{"home":null,"away":null},"Goalkeeper Saves":{"home":"1","away":"9"},"Total passes":{"home":"690","away":"409"},"Passes accurate":{"home":"620","away":"332"},"Passes %":{"home":"90%","away":"81%"}}