{"Shots on Goal":{"home":"1","away":"3"},"Shots off Goal":{"home":"2","away":"6"},"Total Shots":{"home":"5","away":"13"},"Blocked Shots":{"home":"2","away":"4"},"Shots insidebox":{"home":"3","away":"7"},"Shots outsidebox":{"home":"2","away":"6"},"Fouls":{"home":"9","away":"11"},"Corner Kicks":{"home":"3","away":"5"},"Offsides":{"home":"0","away":"2"},"Ball Possession":{"home":"44%","away":"56%"},"Yellow Cards":{"home":"4","away":"3"},"Red Cards":{"home":"1","away":"0"},"Goalkeeper Saves":{"home":"1","away":"1"},"Total passes":{"home":"457","away":"565"},"Passes accurate":{"home":"358","away":"465"},"Passes %":{"home":"78%","away":"82%"}}