{"Shots on Goal":{"home":"13","away":"4"},"Shots off Goal":{"home":"3","away":"5"},"Total Shots":{"home":"21","away":"11"},"Blocked Shots":{"home":"5","away":"2"},"Shots insidebox":{"home":"15","away":"9"},"Shots outsidebox":{"home":"6","away":"2"},"Fouls":{"home":"9","away":"11"},"Corner Kicks":{"home":"8","away":"3"},"Offsides":{"home":"0","away":"4"},"Ball Possession":{"home":"68%","away":"32%"},"Yellow Cards":{"home":"3","away":"3"},"Red Cards":{"home":null,"away":null},"Goalkeeper Saves":{"home":"3","away":"12"},"Total passes":{"home":"631","away":"298"},"Passes accurate":{"home":"528","away":"200"},"Passes %":{"home":"84%","away":"67%"}}