{"Shots on Goal":{"home":"5","away":"4"},"Shots off Goal":{"home":"8","away":"7"},"Total Shots":{"home":"17","away":"14"},"Blocked Shots":{"home":"4","away":"3"},"Shots insidebox":{"home":"7","away":"8"},"Shots outsidebox":{"home":"10","away":"6"},"Fouls":{"home":"6","away":"9"},"Corner Kicks":{"home":"4","away":"4"},"Offsides":{"home":"1","away":"6"},"Ball Possession":{"home":"61%","away":"39%"},"Yellow Cards":{"home":"2","away":"2"},"Red Cards":{"home":null,"away":null},"Goalkeeper Saves":{"home":"3","away":"4"},"Total passes":{"home":"602","away":"378"},"Passes accurate":{"home":"507","away":"285"},"Passes %":{"home":"84%","away":"75%"}}