{"Shots on Goal":{"home":"2","away":"2"},"Shots off Goal":{"home":"3","away":"2"},"Total Shots":{"home":"12","away":"7"},"Blocked Shots":{"home":"7","away":"3"},"Shots insidebox":{"home":"7","away":"4"},"Shots outsidebox":{"home":"5","away":"3"},"Fouls":{"home":"5","away":"9"},"Corner Kicks":{"home":"11","away":"2"},"Offsides":{"home":"5","away":"1"},"Ball Possession":{"home":"69%","away":"31%"},"Yellow Cards":{"home":"4","away":"3"},"Red Cards":{"home":null,"away":null},"Goalkeeper Saves":{"home":"1","away":"1"},"Total passes":{"home":"686","away":"313"},"Passes accurate":{"home":"592","away":"206"},"Passes %":{"home":"86%","away":"66%"}}