{"Shots on Goal":{"home":"3","away":"9"},"Shots off Goal":{"home":"3","away":"8"},"Total Shots":{"home":"6","away":"24"},"Blocked Shots":{"home":"0","away":"7"},"Shots insidebox":{"home":"1","away":"15"},"Shots outsidebox":{"home":"5","away":"9"},"Fouls":{"home":"4","away":"6"},"Corner Kicks":{"home":"1","away":"10"},"Offsides":{"home":"3","away":"3"},"Ball Possession":{"home":"23%","away":"77%"},"Yellow Cards":{"home":"1","away":"2"},"Red Cards":{"home":null,"away":null},"Goalkeeper Saves":{"home":"7","away":"1"},"Total passes":{"home":"238","away":"760"},"Passes accurate":{"home":"154","away":"672"},"Passes %":{"home":"65%","away":"88%"}}