{"Shots on Goal":{"home":"7","away":"1"},"Shots off Goal":{"home":"3","away":"5"},"Total Shots":{"home":"13","away":"7"},"Blocked Shots":{"home":"3","away":"1"},"Shots insidebox":{"home":"8","away":"5"},"Shots outsidebox":{"home":"5","away":"2"},"Fouls":{"home":"12","away":"8"},"Corner Kicks":{"home":"1","away":"1"},"Offsides":{"home":"1","away":"2"},"Ball Possession":{"home":"49%","away":"51%"},"Yellow Cards":{"home":"1","away":"1"},"Red Cards":{"home":null,"away":null},"Goalkeeper Saves":{"home":"1","away":"2"},"Total passes":{"home":"476","away":"479"},"Passes accurate":{"home":"368","away":"366"},"Passes %":{"home":"77%","away":"76%"}}