{"Shots on Goal":{"home":"6","away":"4"},"Shots off Goal":{"home":"4","away":"1"},"Total Shots":{"home":"13","away":"6"},"Blocked Shots":{"home":"3","away":"1"},"Shots insidebox":{"home":"10","away":"3"},"Shots outsidebox":{"home":"3","away":"3"},"Fouls":{"home":"10","away":"6"},"Corner Kicks":{"home":"8","away":"1"},"Offsides":{"home":"3","away":"2"},"Ball Possession":{"home":"73%","away":"27%"},"Yellow Cards":{"home":"2","away":"0"},"Red Cards":{"home":null,"away":null},"Goalkeeper Saves":{"home":"2","away":"6"},"Total passes":{"home":"675","away":"253"},"Passes accurate":{"home":"579","away":"167"},"Passes %":{"home":"86%","away":"66%"}}