{"Shots on Goal":{"home":"5","away":"9"},"Shots off Goal":{"home":"4","away":"5"},"Total Shots":{"home":"12","away":"20"},"Blocked Shots":{"home":"3","away":"6"},"Shots insidebox":{"home":"9","away":"15"},"Shots outsidebox":{"home":"3","away":"5"},"Fouls":{"home":"10","away":"11"},"Corner Kicks":{"home":"9","away":"9"},"Offsides":{"home":"7","away":"0"},"Ball Possession":{"home":"49%","away":"51%"},"Yellow Cards":{"home":"3","away":"1"},"Red Cards":{"home":null,"away":null},"Goalkeeper Saves":{"home":"7","away":"4"},"Total passes":{"home":"389","away":"413"},"Passes accurate":{"home":"325","away":"337"},"Passes %":{"home":"84%","away":"82%"}}