{"Shots on Goal":{"home":"4","away":"2"},"Shots off Goal":{"home":"5","away":"6"},"Total Shots":{"home":"12","away":"17"},"Blocked Shots":{"home":"3","away":"9"},"Shots insidebox":{"home":"9","away":"11"},"Shots outsidebox":{"home":"3","away":"6"},"Fouls":{"home":"5","away":"13"},"Corner Kicks":{"home":"8","away":"3"},"Offsides":{"home":"1","away":"0"},"Ball Possession":{"home":"38%","away":"62%"},"Yellow Cards":{"home":"4","away":"4"},"Red Cards":{"home":null,"away":null},"Goalkeeper Saves":{"home":"1","away":"3"},"Total passes":{"home":"369","away":"592"},"Passes accurate":{"home":"290","away":"514"},"Passes %":{"home":"79%","away":"87%"}}