{"Shots on Goal":{"home":"11","away":"2"},"Shots off Goal":{"home":"5","away":"3"},"Total Shots":{"home":"21","away":"6"},"Blocked Shots":{"home":"5","away":"1"},"Shots insidebox":{"home":"12","away":"5"},"Shots outsidebox":{"home":"9","away":"1"},"Fouls":{"home":"10","away":"14"},"Corner Kicks":{"home":"5","away":"2"},"Offsides":{"home":"0","away":"4"},"Ball Possession":{"home":"43%","away":"57%"},"Yellow Cards":{"home":"2","away":"5"},"Red Cards":{"home":null,"away":null},"Goalkeeper Saves":{"home":"1","away":"9"},"Total passes":{"home":"360","away":"476"},"Passes accurate":{"home":"289","away":"385"},"Passes %":{"home":"80%","away":"81%"}}