{"Shots on Goal":{"home":"5","away":"3"},"Shots off Goal":{"home":"5","away":"5"},"Total Shots":{"home":"14","away":"10"},"Blocked Shots":{"home":"4","away":"2"},"Shots insidebox":{"home":"9","away":"6"},"Shots outsidebox":{"home":"5","away":"4"},"Fouls":{"home":"12","away":"7"},"Corner Kicks":{"home":"6","away":"1"},"Offsides":{"home":"3","away":"1"},"Ball Possession":{"home":"40%","away":"60%"},"Yellow Cards":{"home":"1","away":"1"},"Red Cards":{"home":null,"away":null},"Goalkeeper Saves":{"home":"2","away":"3"},"Total passes":{"home":"366","away":"562"},"Passes accurate":{"home":"252","away":"446"},"Passes %":{"home":"69%","away":"79%"}}