{"Shots on Goal":{"home":"5","away":"4"},"Shots off Goal":{"home":"3","away":"7"},"Total Shots":{"home":"11","away":"12"},"Blocked Shots":{"home":"3","away":"1"},"Shots insidebox":{"home":"8","away":"8"},"Shots outsidebox":{"home":"3","away":"4"},"Fouls":{"home":"13","away":"17"},"Corner Kicks":{"home":"5","away":"6"},"Offsides":{"home":"3","away":"3"},"Ball Possession":{"home":"58%","away":"42%"},"Yellow Cards":{"home":"1","away":"2"},"Red Cards":{"home":null,"away":null},"Goalkeeper Saves":{"home":"2","away":"0"},"Total passes":{"home":"501","away":"339"},"Passes accurate":{"home":"406","away":"245"},"Passes %":{"home":"81%","away":"72%"}}