{"Shots on Goal":{"home":"4","away":"3"},"Shots off Goal":{"home":"9","away":"0"},"Total Shots":{"home":"26","away":"3"},"Blocked Shots":{"home":"13","away":"0"},"Shots insidebox":{"home":"19","away":"1"},"Shots outsidebox":{"home":"7","away":"2"},"Fouls":{"home":"11","away":"10"},"Corner Kicks":{"home":"17","away":"0"},"Offsides":{"home":"3","away":"0"},"Ball Possession":{"home":"75%","away":"25%"},"Yellow Cards":{"home":"3","away":"1"},"Red Cards":{"home":null,"away":null},"Goalkeeper Saves":{"home":"2","away":"2"},"Total passes":{"home":"639","away":"225"},"Passes accurate":{"home":"562","away":"139"},"Passes %":{"home":"88%","away":"62%"}}