{"Shots on Goal":{"home":"7","away":"1"},"Shots off Goal":{"home":"9","away":"4"},"Total Shots":{"home":"19","away":"8"},"Blocked Shots":{"home":"3","away":"3"},"Shots insidebox":{"home":"9","away":"5"},"Shots outsidebox":{"home":"10","away":"3"},"Fouls":{"home":"10","away":"10"},"Corner Kicks":{"home":"5","away":"4"},"Offsides":{"home":"1","away":"2"},"Ball Possession":{"home":"50%","away":"50%"},"Yellow Cards":{"home":"1","away":"1"},"Red Cards":{"home":null,"away":null},"Goalkeeper Saves":{"home":"1","away":"5"},"Total passes":{"home":"486","away":"478"},"Passes accurate":{"home":"426","away":"401"},"Passes %":{"home":"88%","away":"84%"}}