{"Shots on Goal":{"home":"2","away":"7"},"Shots off Goal":{"home":"4","away":"7"},"Total Shots":{"home":"9","away":"17"},"Blocked Shots":{"home":"3","away":"3"},"Shots insidebox":{"home":"7","away":"6"},"Shots outsidebox":{"home":"2","away":"11"},"Fouls":{"home":"10","away":"12"},"Corner Kicks":{"home":"5","away":"9"},"Offsides":{"home":"0","away":"4"},"Ball Possession":{"home":"46%","away":"54%"},"Yellow Cards":{"home":"4","away":"1"},"Red Cards":{"home":"1","away":"0"},"Goalkeeper Saves":{"home":"5","away":"2"},"Total passes":{"home":"443","away":"509"},"Passes accurate":{"home":"355","away":"443"},"Passes %":{"home":"80%","away":"87%"}}