{"Shots on Goal":{"home":"5","away":"7"},"Shots off Goal":{"home":"7","away":"2"},"Total Shots":{"home":"23","away":"11"},"Blocked Shots":{"home":"11","away":"2"},"Shots insidebox":{"home":"18","away":"9"},"Shots outsidebox":{"home":"5","away":"2"},"Fouls":{"home":"10","away":"10"},"Corner Kicks":{"home":"16","away":"3"},"Offsides":{"home":null,"away":null},"Ball Possession":{"home":"71%","away":"29%"},"Yellow Cards":{"home":"3","away":"2"},"Red Cards":{"home":null,"away":null},"Goalkeeper Saves":{"home":"5","away":"4"},"Total passes":{"home":"657","away":"265"},"Passes accurate":{"home":"588","away":"199"},"Passes %":{"home":"89%","away":"75%"}}