{"Shots on Goal":{"home":"6","away":"4"},"Shots off Goal":{"home":"8","away":"2"},"Total Shots":{"home":"15","away":"10"},"Blocked Shots":{"home":"1","away":"4"},"Shots insidebox":{"home":"10","away":"8"},"Shots outsidebox":{"home":"5","away":"2"},"Fouls":{"home":"18","away":"9"},"Corner Kicks":{"home":"12","away":"5"},"Offsides":{"home":"1","away":"1"},"Ball Possession":{"home":"56%","away":"44%"},"Yellow Cards":{"home":"2","away":"0"},"Red Cards":{"home":null,"away":null},"Goalkeeper Saves":{"home":"2","away":"4"},"Total passes":{"home":"444","away":"345"},"Passes accurate":{"home":"362","away":"267"},"Passes %":{"home":"82%","away":"77%"}}