{"Shots on Goal":{"home":"8","away":"3"},"Shots off Goal":{"home":"8","away":"5"},"Total Shots":{"home":"24","away":"8"},"Blocked Shots":{"home":"8","away":"0"},"Shots insidebox":{"home":"9","away":"2"},"Shots outsidebox":{"home":"15","away":"6"},"Fouls":{"home":"10","away":"12"},"Corner Kicks":{"home":"6","away":"5"},"Offsides":{"home":"2","away":"3"},"Ball Possession":{"home":"66%","away":"34%"},"Yellow Cards":{"home":"1","away":"2"},"Red Cards":{"home":null,"away":null},"Goalkeeper Saves":{"home":"3","away":"7"},"Total passes":{"home":"523","away":"262"},"Passes accurate":{"home":"448","away":"176"},"Passes %":{"home":"86%","away":"67%"}}