{"Shots on Goal":{"home":"3","away":"4"},"Shots off Goal":{"home":"9","away":"3"},"Total Shots":{"home":"19","away":"13"},"Blocked Shots":{"home":"7","away":"6"},"Shots insidebox":{"home":"10","away":"8"},"Shots outsidebox":{"home":"9","away":"5"},"Fouls":{"home":"4","away":"10"},"Corner Kicks":{"home":"9","away":"4"},"Offsides":{"home":"2","away":"3"},"Ball Possession":{"home":"64%","away":"36%"},"Yellow Cards":{"home":"0","away":"3"},"Red Cards":{"home":null,"away":null},"Goalkeeper Saves":{"home":"3","away":"1"},"Total passes":{"home":"556","away":"303"},"Passes accurate":{"home":"466","away":"218"},"Passes %":{"home":"84%","away":"72%"}}