{"Shots on Goal":{"home":"5","away":"2"},"Shots off Goal":{"home":"5","away":"1"},"Total Shots":{"home":"18","away":"11"},"Blocked Shots":{"home":"8","away":"8"},"Shots insidebox":{"home":"15","away":"11"},"Shots outsidebox":{"home":"3","away":"0"},"Fouls":{"home":"9","away":"14"},"Corner Kicks":{"home":"9","away":"4"},"Offsides":{"home":"3","away":"1"},"Ball Possession":{"home":"67%","away":"33%"},"Yellow Cards":{"home":"1","away":"2"},"Red Cards":{"home":null,"away":null},"Goalkeeper Saves":{"home":"1","away":"5"},"Total passes":{"home":"590","away":"293"},"Passes accurate":{"home":"487","away":"192"},"Passes %":{"home":"83%","away":"66%"}}