{"Shots on Goal":{"home":"6","away":"9"},"Shots off Goal":{"home":"6","away":"3"},"Total Shots":{"home":"16","away":"12"},"Blocked Shots":{"home":"4","away":"0"},"Shots insidebox":{"home":"13","away":"7"},"Shots outsidebox":{"home":"3","away":"5"},"Fouls":{"home":"10","away":"7"},"Corner Kicks":{"home":"7","away":"3"},"Offsides":{"home":"1","away":"4"},"Ball Possession":{"home":"69%","away":"31%"},"Yellow Cards":{"home":"2","away":"1"},"Red Cards":{"home":null,"away":null},"Goalkeeper Saves":{"home":"6","away":"4"},"Total passes":{"home":"585","away":"262"},"Passes accurate":{"home":"503","away":"176"},"Passes %":{"home":"86%","away":"67%"}}