{"Shots on Goal":{"home":"3","away":"5"},"Shots off Goal":{"home":"1","away":"9"},"Total Shots":{"home":"4","away":"24"},"Blocked Shots":{"home":"0","away":"10"},"Shots insidebox":{"home":"1","away":"19"},"Shots outsidebox":{"home":"3","away":"5"},"Fouls":{"home":"12","away":"12"},"Corner Kicks":{"home":"5","away":"9"},"Offsides":{"home":"2","away":"0"},"Ball Possession":{"home":"47%","away":"53%"},"Yellow Cards":{"home":"1","away":"1"},"Red Cards":{"home":null,"away":null},"Goalkeeper Saves":{"home":"3","away":"2"},"Total passes":{"home":"341","away":"373"},"Passes accurate":{"home":"242","away":"270"},"Passes %":{"home":"71%","away":"72%"}}