{"Shots on Goal":{"home":"6","away":"1"},"Shots off Goal":{"home":"4","away":"1"},"Total Shots":{"home":"12","away":"4"},"Blocked Shots":{"home":"2","away":"2"},"Shots insidebox":{"home":"12","away":"2"},"Shots outsidebox":{"home":"0","away":"2"},"Fouls":{"home":"13","away":"16"},"Corner Kicks":{"home":"7","away":"2"},"Offsides":{"home":"3","away":"1"},"Ball Possession":{"home":"63%","away":"37%"},"Yellow Cards":{"home":"3","away":"2"},"Red Cards":{"home":null,"away":null},"Goalkeeper Saves":{"home":"1","away":"3"},"Total passes":{"home":"569","away":"324"},"Passes accurate":{"home":"467","away":"226"},"Passes %":{"home":"82%","away":"70%"}}