{"Shots on Goal":{"home":"4","away":"6"},"Shots off Goal":{"home":"4","away":"6"},"Total Shots":{"home":"11","away":"15"},"Blocked Shots":{"home":"3","away":"3"},"Shots insidebox":{"home":"8","away":"10"},"Shots outsidebox":{"home":"3","away":"5"},"Fouls":{"home":"12","away":"14"},"Corner Kicks":{"home":"3","away":"7"},"Offsides":{"home":"4","away":"6"},"Ball Possession":{"home":"47%","away":"53%"},"Yellow Cards":{"home":"3","away":"2"},"Red Cards":{"home":null,"away":null},"Goalkeeper Saves":{"home":"3","away":"3"},"Total passes":{"home":"407","away":"471"},"Passes accurate":{"home":"317","away":"380"},"Passes %":{"home":"78%","away":"81%"}}