{"Shots on Goal":{"home":"9","away":"3"},"Shots off Goal":{"home":"6","away":"1"},"Total Shots":{"home":"25","away":"9"},"Blocked Shots":{"home":"10","away":"5"},"Shots insidebox":{"home":"16","away":"8"},"Shots outsidebox":{"home":"9","away":"1"},"Fouls":{"home":"18","away":"10"},"Corner Kicks":{"home":"9","away":"5"},"Offsides":{"home":"0","away":"1"},"Ball Possession":{"home":"64%","away":"36%"},"Yellow Cards":{"home":"2","away":"1"},"Red Cards":{"home":null,"away":null},"Goalkeeper Saves":{"home":"2","away":"7"},"Total passes":{"home":"649","away":"349"},"Passes accurate":{"home":"564","away":"280"},"Passes %":{"home":"87%","away":"80%"}}