{"Shots on Goal":{"home":"8","away":"5"},"Shots off Goal":{"home":"1","away":"4"},"Total Shots":{"home":"12","away":"11"},"Blocked Shots":{"home":"3","away":"2"},"Shots insidebox":{"home":"5","away":"7"},"Shots outsidebox":{"home":"7","away":"4"},"Fouls":{"home":"13","away":"10"},"Corner Kicks":{"home":"6","away":"3"},"Offsides":{"home":"3","away":"1"},"Ball Possession":{"home":"40%","away":"60%"},"Yellow Cards":{"home":"1","away":"2"},"Red Cards":{"home":null,"away":null},"Goalkeeper Saves":{"home":"2","away":"5"},"Total passes":{"home":"383","away":"587"},"Passes accurate":{"home":"277","away":"476"},"Passes %":{"home":"72%","away":"81%"}}