{"Shots on Goal":{"home":"2","away":"8"},"Shots off Goal":{"home":"1","away":"4"},"Total Shots":{"home":"4","away":"17"},"Blocked Shots":{"home":"1","away":"5"},"Shots insidebox":{"home":"3","away":"9"},"Shots outsidebox":{"home":"1","away":"8"},"Fouls":{"home":"9","away":"6"},"Corner Kicks":{"home":"3","away":"6"},"Offsides":{"home":"0","away":"2"},"Ball Possession":{"home":"24%","away":"76%"},"Yellow Cards":{"home":"1","away":"1"},"Red Cards":{"home":null,"away":null},"Goalkeeper Saves":{"home":"4","away":"1"},"Total passes":{"home":"250","away":"774"},"Passes accurate":{"home":"163","away":"690"},"Passes %":{"home":"65%","away":"89%"}}