{"Shots on Goal":{"home":"8","away":"5"},"Shots off Goal":{"home":"6","away":"3"},"Total Shots":{"home":"17","away":"11"},"Blocked Shots":{"home":"3","away":"3"},"Shots insidebox":{"home":"12","away":"5"},"Shots outsidebox":{"home":"5","away":"6"},"Fouls":{"home":"10","away":"9"},"Corner Kicks":{"home":"11","away":"6"},"Offsides":{"home":"1","away":"2"},"Ball Possession":{"home":"62%","away":"38%"},"Yellow Cards":{"home":"1","away":"1"},"Red Cards":{"home":null,"away":null},"Goalkeeper Saves":{"home":"5","away":"6"},"Total passes":{"home":"490","away":"296"},"Passes accurate":{"home":"425","away":"232"},"Passes %":{"home":"87%","away":"78%"}}