{"Shots on Goal":{"home":"3","away":"2"},"Shots off Goal":{"home":"3","away":"2"},"Total Shots":{"home":"7","away":"5"},"Blocked Shots":{"home":"1","away":"1"},"Shots insidebox":{"home":"6","away":"3"},"Shots outsidebox":{"home":"1","away":"2"},"Fouls":{"home":"9","away":"8"},"Corner Kicks":{"home":"5","away":"2"},"Offsides":{"home":"1","away":"2"},"Ball Possession":{"home":"47%","away":"53%"},"Yellow Cards":{"home":"1","away":"2"},"Red Cards":{"home":"0","away":"1"},"Goalkeeper Saves":{"home":"1","away":"2"},"Total passes":{"home":"375","away":"443"},"Passes accurate":{"home":"281","away":"344"},"Passes %":{"home":"75%","away":"78%"}}