{"Shots on Goal":{"home":"3","away":"0"},"Shots off Goal":{"home":"4","away":"2"},"Total Shots":{"home":"13","away":"3"},"Blocked Shots":{"home":"6","away":"1"},"Shots insidebox":{"home":"8","away":"3"},"Shots outsidebox":{"home":"5","away":"0"},"Fouls":{"home":"15","away":"16"},"Corner Kicks":{"home":"6","away":"2"},"Offsides":{"home":"1","away":"1"},"Ball Possession":{"home":"50%","away":"50%"},"Yellow Cards":{"home":"4","away":"2"},"Red Cards":{"home":null,"away":null},"Goalkeeper Saves":{"home":"0","away":"3"},"Total passes":{"home":"384","away":"391"},"Passes accurate":{"home":"280","away":"288"},"Passes %":{"home":"73%","away":"74%"}}