{"Shots on Goal":{"home":"2","away":"6"},"Shots off Goal":{"home":"5","away":"6"},"Total Shots":{"home":"11","away":"16"},"Blocked Shots":{"home":"4","away":"4"},"Shots insidebox":{"home":"8","away":"13"},"Shots outsidebox":{"home":"3","away":"3"},"Fouls":{"home":"15","away":"12"},"Corner Kicks":{"home":"5","away":"8"},"Offsides":{"home":"1","away":"0"},"Ball Possession":{"home":"42%","away":"58%"},"Yellow Cards":{"home":"2","away":"3"},"Red Cards":{"home":null,"away":null},"Goalkeeper Saves":{"home":"5","away":"1"},"Total passes":{"home":"363","away":"508"},"Passes accurate":{"home":"271","away":"424"},"Passes %":{"home":"75%","away":"83%"}}