{"Shots on Goal":{"home":"6","away":"0"},"Shots off Goal":{"home":"5","away":"5"},"Total Shots":{"home":"13","away":"6"},"Blocked Shots":{"home":"2","away":"1"},"Shots insidebox":{"home":"12","away":"5"},"Shots outsidebox":{"home":"1","away":"1"},"Fouls":{"home":"8","away":"12"},"Corner Kicks":{"home":"7","away":"6"},"Offsides":{"home":"1","away":"0"},"Ball Possession":{"home":"45%","away":"55%"},"Yellow Cards":{"home":"1","away":"2"},"Red Cards":{"home":null,"away":null},"Goalkeeper Saves":{"home":"1","away":"3"},"Total passes":{"home":"379","away":"457"},"Passes accurate":{"home":"261","away":"340"},"Passes %":{"home":"69%","away":"74%"}}