{"Shots on Goal":{"home":"8","away":"7"},"Shots off Goal":{"home":"5","away":"1"},"Total Shots":{"home":"15","away":"16"},"Blocked Shots":{"home":"2","away":"8"},"Shots insidebox":{"home":"10","away":"13"},"Shots outsidebox":{"home":"5","away":"3"},"Fouls":{"home":"8","away":"10"},"Corner Kicks":{"home":"7","away":"12"},"Offsides":{"home":"1","away":"0"},"Ball Possession":{"home":"39%","away":"61%"},"Yellow Cards":{"home":"2","away":"1"},"Red Cards":{"home":null,"away":null},"Goalkeeper Saves":{"home":"4","away":"6"},"Total passes":{"home":"364","away":"541"},"Passes accurate":{"home":"293","away":"459"},"Passes %":{"home":"80%","away":"85%"}}