{"Shots on Goal":{"home":"5","away":"5"},"Shots off Goal":{"home":"4","away":"3"},"Total Shots":{"home":"18","away":"9"},"Blocked Shots":{"home":"9","away":"1"},"Shots insidebox":{"home":"9","away":"8"},"Shots outsidebox":{"home":"9","away":"1"},"Fouls":{"home":"14","away":"10"},"Corner Kicks":{"home":"11","away":"2"},"Offsides":{"home":"0","away":"1"},"Ball Possession":{"home":"58%","away":"42%"},"Yellow Cards":{"home":"4","away":"4"},"Red Cards":{"home":null,"away":null},"Goalkeeper Saves":{"home":"3","away":"4"},"Total passes":{"home":"487","away":"368"},"Passes accurate":{"home":"372","away":"269"},"Passes %":{"home":"76%","away":"73%"}}