{"Shots on Goal":{"home":"5","away":"1"},"Shots off Goal":{"home":"10","away":"1"},"Total Shots":{"home":"23","away":"3"},"Blocked Shots":{"home":"8","away":"1"},"Shots insidebox":{"home":"11","away":"1"},"Shots outsidebox":{"home":"12","away":"2"},"Fouls":{"home":"9","away":"17"},"Corner Kicks":{"home":"7","away":"0"},"Offsides":{"home":null,"away":null},"Ball Possession":{"home":"60%","away":"40%"},"Yellow Cards":{"home":"3","away":"2"},"Red Cards":{"home":null,"away":null},"Goalkeeper Saves":{"home":"1","away":"3"},"Total passes":{"home":"572","away":"377"},"Passes accurate":{"home":"498","away":"290"},"Passes %":{"home":"87%","away":"77%"}}