{"Shots on Goal":{"home":"9","away":"3"},"Shots off Goal":{"home":"5","away":"7"},"Total Shots":{"home":"21","away":"15"},"Blocked Shots":{"home":"7","away":"5"},"Shots insidebox":{"home":"12","away":"8"},"Shots outsidebox":{"home":"9","away":"7"},"Fouls":{"home":"10","away":"5"},"Corner Kicks":{"home":"5","away":"4"},"Offsides":{"home":"4","away":"1"},"Ball Possession":{"home":"33%","away":"67%"},"Yellow Cards":{"home":"2","away":"0"},"Red Cards":{"home":null,"away":null},"Goalkeeper Saves":{"home":"2","away":"7"},"Total passes":{"home":"279","away":"559"},"Passes accurate":{"home":"194","away":"469"},"Passes %":{"home":"70%","away":"84%"}}