{"Shots on Goal":{"home":"4","away":"0"},"Shots off Goal":{"home":"2","away":"7"},"Total Shots":{"home":"7","away":"9"},"Blocked Shots":{"home":"1","away":"2"},"Shots insidebox":{"home":"6","away":"4"},"Shots outsidebox":{"home":"1","away":"5"},"Fouls":{"home":"15","away":"12"},"Corner Kicks":{"home":"4","away":"3"},"Offsides":{"home":"3","away":"1"},"Ball Possession":{"home":"48%","away":"52%"},"Yellow Cards":{"home":"0","away":"2"},"Red Cards":{"home":null,"away":null},"Goalkeeper Saves":{"home":"0","away":"3"},"Total passes":{"home":"369","away":"397"},"Passes accurate":{"home":"270","away":"291"},"Passes %":{"home":"73%","away":"73%"}}