{"Shots on Goal":{"home":"4","away":"5"},"Shots off Goal":{"home":"4","away":"3"},"Total Shots":{"home":"15","away":"11"},"Blocked Shots":{"home":"7","away":"3"},"Shots insidebox":{"home":"8","away":"7"},"Shots outsidebox":{"home":"7","away":"4"},"Fouls":{"home":"14","away":"13"},"Corner Kicks":{"home":"7","away":"5"},"Offsides":{"home":"2","away":"2"},"Ball Possession":{"home":"61%","away":"39%"},"Yellow Cards":{"home":"1","away":"3"},"Red Cards":{"home":null,"away":null},"Goalkeeper Saves":{"home":"2","away":"4"},"Total passes":{"home":"396","away":"248"},"Passes accurate":{"home":"302","away":"158"},"Passes %":{"home":"76%","away":"64%"}}