{"Shots on Goal":{"home":"3","away":"10"},"Shots off Goal":{"home":"5","away":"2"},"Total Shots":{"home":"12","away":"16"},"Blocked Shots":{"home":"4","away":"4"},"Shots insidebox":{"home":"8","away":"11"},"Shots outsidebox":{"home":"4","away":"5"},"Fouls":{"home":"8","away":"5"},"Corner Kicks":{"home":"1","away":"6"},"Offsides":{"home":null,"away":null},"Ball Possession":{"home":"32%","away":"68%"},"Yellow Cards":{"home":"4","away":"2"},"Red Cards":{"home":null,"away":null},"Goalkeeper Saves":{"home":"8","away":"2"},"Total passes":{"home":"373","away":"794"},"Passes accurate":{"home":"292","away":"711"},"Passes %":{"home":"78%","away":"90%"}}