{"Shots on Goal":{"home":"4","away":"3"},"Shots off Goal":{"home":"5","away":"5"},"Total Shots":{"home":"14","away":"9"},"Blocked Shots":{"home":"5","away":"1"},"Shots insidebox":{"home":"8","away":"6"},"Shots outsidebox":{"home":"6","away":"3"},"Fouls":{"home":"6","away":"12"},"Corner Kicks":{"home":"9","away":"1"},"Offsides":{"home":"1","away":"2"},"Ball Possession":{"home":"58%","away":"42%"},"Yellow Cards":{"home":"0","away":"4"},"Red Cards":{"home":null,"away":null},"Goalkeeper Saves":{"home":"1","away":"3"},"Total passes":{"home":"579","away":"418"},"Passes accurate":{"home":"453","away":"293"},"Passes %":{"home":"78%","away":"70%"}}