{"Shots on Goal":{"home":"5","away":"6"},"Shots off Goal":{"home":"5","away":"2"},"Total Shots":{"home":"13","away":"13"},"Blocked Shots":{"home":"3","away":"5"},"Shots insidebox":{"home":"7","away":"11"},"Shots outsidebox":{"home":"6","away":"2"},"Fouls":{"home":"10","away":"7"},"Corner Kicks":{"home":"3","away":"4"},"Offsides":{"home":"1","away":"3"},"Ball Possession":{"home":"62%","away":"38%"},"Yellow Cards":{"home":"3","away":"0"},"Red Cards":{"home":null,"away":null},"Goalkeeper Saves":{"home":"4","away":"3"},"Total passes":{"home":"581","away":"356"},"Passes accurate":{"home":"474","away":"258"},"Passes %":{"home":"82%","away":"72%"}}