{"Shots on Goal":{"home":"4","away":"10"},"Shots off Goal":{"home":"6","away":"3"},"Total Shots":{"home":"11","away":"15"},"Blocked Shots":{"home":"1","away":"2"},"Shots insidebox":{"home":"8","away":"7"},"Shots outsidebox":{"home":"3","away":"8"},"Fouls":{"home":"7","away":"12"},"Corner Kicks":{"home":"3","away":"7"},"Offsides":{"home":"0","away":"1"},"Ball Possession":{"home":"34%","away":"66%"},"Yellow Cards":{"home":"1","away":"1"},"Red Cards":{"home":null,"away":null},"Goalkeeper Saves":{"home":"9","away":"3"},"Total passes":{"home":"315","away":"593"},"Passes accurate":{"home":"226","away":"496"},"Passes %":{"home":"72%","away":"84%"}}