{"Shots on Goal":{"home":"5","away":"10"},"Shots off Goal":{"home":"0","away":"5"},"Total Shots":{"home":"5","away":"16"},"Blocked Shots":{"home":"0","away":"1"},"Shots insidebox":{"home":"4","away":"10"},"Shots outsidebox":{"home":"1","away":"6"},"Fouls":{"home":"9","away":"17"},"Corner Kicks":{"home":"2","away":"4"},"Offsides":{"home":"3","away":"2"},"Ball Possession":{"home":"58%","away":"42%"},"Yellow Cards":{"home":"0","away":"3"},"Red Cards":{"home":null,"away":null},"Goalkeeper Saves":{"home":"7","away":"4"},"Total passes":{"home":"455","away":"318"},"Passes accurate":{"home":"331","away":"181"},"Passes %":{"home":"73%","away":"57%"}}