{"Shots on Goal":{"home":"3","away":"8"},"Shots off Goal":{"home":"4","away":"6"},"Total Shots":{"home":"11","away":"21"},"Blocked Shots":{"home":"4","away":"7"},"Shots insidebox":{"home":"9","away":"9"},"Shots outsidebox":{"home":"2","away":"12"},"Fouls":{"home":"9","away":"12"},"Corner Kicks":{"home":"5","away":"8"},"Offsides":{"home":"2","away":"1"},"Ball Possession":{"home":"34%","away":"66%"},"Yellow Cards":{"home":"1","away":"1"},"Red Cards":{"home":null,"away":null},"Goalkeeper Saves":{"home":"7","away":"1"},"Total passes":{"home":"292","away":"561"},"Passes accurate":{"home":"200","away":"470"},"Passes %":{"home":"68%","away":"84%"}}