{"Shots on Goal":{"home":"6","away":"4"},"Shots off Goal":{"home":"9","away":"1"},"Total Shots":{"home":"19","away":"6"},"Blocked Shots":{"home":"4","away":"1"},"Shots insidebox":{"home":"13","away":"3"},"Shots outsidebox":{"home":"6","away":"3"},"Fouls":{"home":"11","away":"6"},"Corner Kicks":{"home":"4","away":"1"},"Offsides":{"home":"1","away":"0"},"Ball Possession":{"home":"40%","away":"60%"},"Yellow Cards":{"home":"2","away":"3"},"Red Cards":{"home":null,"away":null},"Goalkeeper Saves":{"home":"4","away":"3"},"Total passes":{"home":"381","away":"575"},"Passes accurate":{"home":"291","away":"485"},"Passes %":{"home":"76%","away":"84%"}}