{"Shots on Goal":{"home":"6","away":"2"},"Shots off Goal":{"home":"10","away":"2"},"Total Shots":{"home":"23","away":"5"},"Blocked Shots":{"home":"7","away":"1"},"Shots insidebox":{"home":"10","away":"4"},"Shots outsidebox":{"home":"13","away":"1"},"Fouls":{"home":"11","away":"7"},"Corner Kicks":{"home":"5","away":"2"},"Offsides":{"home":"2","away":"2"},"Ball Possession":{"home":"72%","away":"28%"},"Yellow Cards":{"home":"0","away":"2"},"Red Cards":{"home":null,"away":null},"Goalkeeper Saves":{"home":"0","away":"7"},"Total passes":{"home":"689","away":"257"},"Passes accurate":{"home":"590","away":"154"},"Passes %":{"home":"86%","away":"60%"}}