{"Shots on Goal":{"home":"5","away":"9"},"Shots off Goal":{"home":"9","away":"7"},"Total Shots":{"home":"20","away":"22"},"Blocked Shots":{"home":"6","away":"6"},"Shots insidebox":{"home":"16","away":"16"},"Shots outsidebox":{"home":"4","away":"6"},"Fouls":{"home":"13","away":"13"},"Corner Kicks":{"home":"5","away":"8"},"Offsides":{"home":"3","away":"2"},"Ball Possession":{"home":"42%","away":"58%"},"Yellow Cards":{"home":"2","away":"2"},"Red Cards":{"home":null,"away":null},"Goalkeeper Saves":{"home":"7","away":"4"},"Total passes":{"home":"311","away":"434"},"Passes accurate":{"home":"230","away":"340"},"Passes %":{"home":"74%","away":"78%"}}