{"Shots on Goal":{"home":"6","away":"3"},"Shots off Goal":{"home":"10","away":"1"},"Total Shots":{"home":"25","away":"5"},"Blocked Shots":{"home":"9","away":"1"},"Shots insidebox":{"home":"16","away":"4"},"Shots outsidebox":{"home":"9","away":"1"},"Fouls":{"home":"9","away":"7"},"Corner Kicks":{"home":"14","away":"2"},"Offsides":{"home":"0","away":"1"},"Ball Possession":{"home":"72%","away":"28%"},"Yellow Cards":{"home":"1","away":"2"},"Red Cards":{"home":null,"away":null},"Goalkeeper Saves":{"home":"2","away":"4"},"Total passes":{"home":"664","away":"272"},"Passes accurate":{"home":"595","away":"174"},"Passes %":{"home":"90%","away":"64%"}}