{"Shots on Goal":{"home":"4","away":"0"},"Shots off Goal":{"home":"6","away":"6"},"Total Shots":{"home":"16","away":"8"},"Blocked Shots":{"home":"6","away":"2"},"Shots insidebox":{"home":"6","away":"7"},"Shots outsidebox":{"home":"10","away":"1"},"Fouls":{"home":"5","away":"6"},"Corner Kicks":{"home":"8","away":"5"},"Offsides":{"home":"1","away":"5"},"Ball Possession":{"home":"72%","away":"28%"},"Yellow Cards":{"home":"1","away":"1"},"Red Cards":{"home":null,"away":null},"Goalkeeper Saves":{"home":"0","away":"2"},"Total passes":{"home":"863","away":"314"},"Passes accurate":{"home":"782","away":"235"},"Passes %":{"home":"91%","away":"75%"}}