{"Shots on Goal":{"home":"3","away":"2"},"Shots off Goal":{"home":"6","away":"4"},"Total Shots":{"home":"14","away":"8"},"Blocked Shots":{"home":"5","away":"2"},"Shots insidebox":{"home":"11","away":"5"},"Shots outsidebox":{"home":"3","away":"3"},"Fouls":{"home":"3","away":"6"},"Corner Kicks":{"home":"12","away":"2"},"Offsides":{"home":"3","away":"2"},"Ball Possession":{"home":"66%","away":"34%"},"Yellow Cards":{"home":"0","away":"2"},"Red Cards":{"home":null,"away":null},"Goalkeeper Saves":{"home":"1","away":"2"},"Total passes":{"home":"531","away":"280"},"Passes accurate":{"home":"410","away":"186"},"Passes %":{"home":"77%","away":"66%"}}