{"Shots on Goal":{"home":"6","away":"2"},"Shots off Goal":{"home":"4","away":"6"},"Total Shots":{"home":"14","away":"9"},"Blocked Shots":{"home":"4","away":"1"},"Shots insidebox":{"home":"11","away":"7"},"Shots outsidebox":{"home":"3","away":"2"},"Fouls":{"home":"7","away":"7"},"Corner Kicks":{"home":"4","away":"3"},"Offsides":{"home":"2","away":"2"},"Ball Possession":{"home":"53%","away":"47%"},"Yellow Cards":{"home":"2","away":"1"},"Red Cards":{"home":null,"away":null},"Goalkeeper Saves":{"home":"2","away":"5"},"Total passes":{"home":"491","away":"426"},"Passes accurate":{"home":"390","away":"315"},"Passes %":{"home":"79%","away":"74%"}}