{"Shots on Goal":{"home":"7","away":"2"},"Shots off Goal":{"home":"6","away":"5"},"Total Shots":{"home":"15","away":"10"},"Blocked Shots":{"home":"2","away":"3"},"Shots insidebox":{"home":"10","away":"5"},"Shots outsidebox":{"home":"5","away":"5"},"Fouls":{"home":"15","away":"9"},"Corner Kicks":{"home":"5","away":"6"},"Offsides":{"home":"1","away":"4"},"Ball Possession":{"home":"68%","away":"32%"},"Yellow Cards":{"home":"2","away":"0"},"Red Cards":{"home":null,"away":null},"Goalkeeper Saves":{"home":"2","away":"3"},"Total passes":{"home":"647","away":"294"},"Passes accurate":{"home":"587","away":"239"},"Passes %":{"home":"91%","away":"81%"}}