{"Shots on Goal":{"home":"3","away":"5"},"Shots off Goal":{"home":"4","away":"2"},"Total Shots":{"home":"12","away":"11"},"Blocked Shots":{"home":"5","away":"4"},"Shots insidebox":{"home":"8","away":"6"},"Shots outsidebox":{"home":"4","away":"5"},"Fouls":{"home":"21","away":"8"},"Corner Kicks":{"home":"6","away":"9"},"Offsides":{"home":"1","away":"3"},"Ball Possession":{"home":"40%","away":"60%"},"Yellow Cards":{"home":"3","away":"4"},"Red Cards":{"home":null,"away":null},"Goalkeeper Saves":{"home":"5","away":"2"},"Total passes":{"home":"343","away":"499"},"Passes accurate":{"home":"217","away":"369"},"Passes %":{"home":"63%","away":"74%"}}