{"Shots on Goal":{"home":"8","away":"3"},"Shots off Goal":{"home":"9","away":"6"},"Total Shots":{"home":"24","away":"12"},"Blocked Shots":{"home":"7","away":"3"},"Shots insidebox":{"home":"13","away":"11"},"Shots outsidebox":{"home":"11","away":"1"},"Fouls":{"home":"8","away":"9"},"Corner Kicks":{"home":"8","away":"7"},"Offsides":{"home":"1","away":"3"},"Ball Possession":{"home":"66%","away":"34%"},"Yellow Cards":{"home":"2","away":"1"},"Red Cards":{"home":null,"away":null},"Goalkeeper Saves":{"home":"2","away":"8"},"Total passes":{"home":"529","away":"269"},"Passes accurate":{"home":"434","away":"184"},"Passes %":{"home":"82%","away":"68%"}}