{"Shots on Goal":{"home":"3","away":"4"},"Shots off Goal":{"home":"3","away":"1"},"Total Shots":{"home":"10","away":"10"},"Blocked Shots":{"home":"4","away":"5"},"Shots insidebox":{"home":"5","away":"7"},"Shots outsidebox":{"home":"5","away":"3"},"Fouls":{"home":"12","away":"16"},"Corner Kicks":{"home":"8","away":"8"},"Offsides":{"home":"2","away":"1"},"Ball Possession":{"home":"44%","away":"56%"},"Yellow Cards":{"home":"4","away":"4"},"Red Cards":{"home":null,"away":null},"Goalkeeper Saves":{"home":"4","away":"2"},"Total passes":{"home":"377","away":"456"},"Passes accurate":{"home":"272","away":"346"},"Passes %":{"home":"72%","away":"76%"}}