{"Shots on Goal":{"home":"2","away":"4"},"Shots off Goal":{"home":"5","away":"7"},"Total Shots":{"home":"7","away":"19"},"Blocked Shots":{"home":"0","away":"8"},"Shots insidebox":{"home":"4","away":"8"},"Shots outsidebox":{"home":"3","away":"11"},"Fouls":{"home":"9","away":"14"},"Corner Kicks":{"home":"1","away":"10"},"Offsides":{"home":"1","away":"2"},"Ball Possession":{"home":"30%","away":"70%"},"Yellow Cards":{"home":"1","away":"1"},"Red Cards":{"home":null,"away":null},"Goalkeeper Saves":{"home":"3","away":"1"},"Total passes":{"home":"282","away":"650"},"Passes accurate":{"home":"189","away":"554"},"Passes %":{"home":"67%","away":"85%"}}