{"Shots on Goal":{"home":"4","away":"8"},"Shots off Goal":{"home":"5","away":"2"},"Total Shots":{"home":"14","away":"13"},"Blocked Shots":{"home":"5","away":"3"},"Shots insidebox":{"home":"11","away":"10"},"Shots outsidebox":{"home":"3","away":"3"},"Fouls":{"home":"16","away":"4"},"Corner Kicks":{"home":"5","away":"5"},"Offsides":{"home":"2","away":"3"},"Ball Possession":{"home":"42%","away":"58%"},"Yellow Cards":{"home":"4","away":"1"},"Red Cards":{"home":null,"away":null},"Goalkeeper Saves":{"home":"6","away":"3"},"Total passes":{"home":"383","away":"523"},"Passes accurate":{"home":"271","away":"424"},"Passes %":{"home":"71%","away":"81%"}}