{"Shots on Goal":{"home":"8","away":"2"},"Shots off Goal":{"home":"4","away":"6"},"Total Shots":{"home":"14","away":"10"},"Blocked Shots":{"home":"2","away":"2"},"Shots insidebox":{"home":"11","away":"8"},"Shots outsidebox":{"home":"3","away":"2"},"Fouls":{"home":"11","away":"12"},"Corner Kicks":{"home":"4","away":"6"},"Offsides":{"home":"1","away":"2"},"Ball Possession":{"home":"46%","away":"54%"},"Yellow Cards":{"home":"0","away":"1"},"Red Cards":{"home":null,"away":null},"Goalkeeper Saves":{"home":"1","away":"5"},"Total passes":{"home":"357","away":"420"},"Passes accurate":{"home":"262","away":"323"},"Passes %":{"home":"73%","away":"77%"}}