{"Shots on Goal":{"home":"5","away":"4"},"Shots off Goal":{"home":"5","away":"3"},"Total Shots":{"home":"11","away":"8"},"Blocked Shots":{"home":"1","away":"1"},"Shots insidebox":{"home":"9","away":"6"},"Shots outsidebox":{"home":"2","away":"2"},"Fouls":{"home":"13","away":"12"},"Corner Kicks":{"home":"1","away":"3"},"Offsides":{"home":"2","away":"2"},"Ball Possession":{"home":"52%","away":"48%"},"Yellow Cards":{"home":"2","away":"1"},"Red Cards":{"home":null,"away":null},"Goalkeeper Saves":{"home":"1","away":"3"},"Total passes":{"home":"401","away":"366"},"Passes accurate":{"home":"283","away":"233"},"Passes %":{"home":"71%","away":"64%"}}