{"Shots on Goal":{"home":"1","away":"3"},"Shots off Goal":{"home":"6","away":"4"},"Total Shots":{"home":"17","away":"9"},"Blocked Shots":{"home":"10","away":"2"},"Shots insidebox":{"home":"11","away":"7"},"Shots outsidebox":{"home":"6","away":"2"},"Fouls":{"home":"11","away":"11"},"Corner Kicks":{"home":"9","away":"8"},"Offsides":{"home":"2","away":"0"},"Ball Possession":{"home":"61%","away":"39%"},"Yellow Cards":{"home":"4","away":"3"},"Red Cards":{"home":null,"away":null},"Goalkeeper Saves":{"home":"1","away":"1"},"Total passes":{"home":"596","away":"378"},"Passes accurate":{"home":"520","away":"301"},"Passes %":{"home":"87%","away":"80%"}}