{"Shots on Goal":{"home":"3","away":"3"},"Shots off Goal":{"home":"5","away":"3"},"Total Shots":{"home":"13","away":"10"},"Blocked Shots":{"home":"5","away":"4"},"Shots insidebox":{"home":"8","away":"6"},"Shots outsidebox":{"home":"5","away":"4"},"Fouls":{"home":"9","away":"15"},"Corner Kicks":{"home":"9","away":"5"},"Offsides":{"home":"1","away":"0"},"Ball Possession":{"home":"60%","away":"40%"},"Yellow Cards":{"home":"3","away":"2"},"Red Cards":{"home":null,"away":null},"Goalkeeper Saves":{"home":"3","away":"3"},"Total passes":{"home":"501","away":"330"},"Passes accurate":{"home":"403","away":"237"},"Passes %":{"home":"80%","away":"72%"}}