{"Shots on Goal":{"home":"1","away":"5"},"Shots off Goal":{"home":"2","away":"8"},"Total Shots":{"home":"4","away":"18"},"Blocked Shots":{"home":"1","away":"5"},"Shots insidebox":{"home":"4","away":"12"},"Shots outsidebox":{"home":"0","away":"6"},"Fouls":{"home":"13","away":"13"},"Corner Kicks":{"home":"5","away":"13"},"Offsides":{"home":"4","away":"1"},"Ball Possession":{"home":"32%","away":"68%"},"Yellow Cards":{"home":"4","away":"3"},"Red Cards":{"home":null,"away":null},"Goalkeeper Saves":{"home":"4","away":"1"},"Total passes":{"home":"286","away":"601"},"Passes accurate":{"home":"187","away":"522"},"Passes %":{"home":"65%","away":"87%"}}