{"Shots on Goal":{"home":"7","away":"2"},"Shots off Goal":{"home":"7","away":"3"},"Total Shots":{"home":"16","away":"7"},"Blocked Shots":{"home":"2","away":"2"},"Shots insidebox":{"home":"13","away":"7"},"Shots outsidebox":{"home":"3","away":"0"},"Fouls":{"home":"11","away":"11"},"Corner Kicks":{"home":"3","away":"6"},"Offsides":{"home":"3","away":"1"},"Ball Possession":{"home":"65%","away":"35%"},"Yellow Cards":{"home":"0","away":"4"},"Red Cards":{"home":null,"away":null},"Goalkeeper Saves":{"home":"1","away":"5"},"Total passes":{"home":"777","away":"401"},"Passes accurate":{"home":"700","away":"310"},"Passes %":{"home":"90%","away":"77%"}}