{"Shots on Goal":{"home":"1","away":"6"},"Shots off Goal":{"home":"7","away":"6"},"Total Shots":{"home":"10","away":"18"},"Blocked Shots":{"home":"2","away":"6"},"Shots insidebox":{"home":"2","away":"13"},"Shots outsidebox":{"home":"8","away":"5"},"Fouls":{"home":"3","away":"13"},"Corner Kicks":{"home":"5","away":"5"},"Offsides":{"home":"0","away":"5"},"Ball Possession":{"home":"56%","away":"44%"},"Yellow Cards":{"home":"1","away":"1"},"Red Cards":{"home":null,"away":null},"Goalkeeper Saves":{"home":"2","away":"1"},"Total passes":{"home":"528","away":"411"},"Passes accurate":{"home":"414","away":"298"},"Passes %":{"home":"78%","away":"73%"}}