{"Shots on Goal":{"home":"5","away":"5"},"Shots off Goal":{"home":"2","away":"5"},"Total Shots":{"home":"11","away":"11"},"Blocked Shots":{"home":"4","away":"1"},"Shots insidebox":{"home":"7","away":"3"},"Shots outsidebox":{"home":"4","away":"8"},"Fouls":{"home":"10","away":"9"},"Corner Kicks":{"home":"9","away":"2"},"Offsides":{"home":"5","away":"0"},"Ball Possession":{"home":"53%","away":"47%"},"Yellow Cards":{"home":"4","away":"2"},"Red Cards":{"home":null,"away":null},"Goalkeeper Saves":{"home":"4","away":"3"},"Total passes":{"home":"494","away":"416"},"Passes accurate":{"home":"390","away":"331"},"Passes %":{"home":"79%","away":"80%"}}