{"Shots on Goal":{"home":"6","away":"3"},"Shots off Goal":{"home":"4","away":"2"},"Total Shots":{"home":"13","away":"8"},"Blocked Shots":{"home":"3","away":"3"},"Shots insidebox":{"home":"9","away":"1"},"Shots outsidebox":{"home":"4","away":"7"},"Fouls":{"home":"18","away":"7"},"Corner Kicks":{"home":"4","away":"2"},"Offsides":{"home":"2","away":"0"},"Ball Possession":{"home":"60%","away":"40%"},"Yellow Cards":{"home":null,"away":null},"Red Cards":{"home":null,"away":null},"Goalkeeper Saves":{"home":"3","away":"2"},"Total passes":{"home":"646","away":"424"},"Passes accurate":{"home":"556","away":"332"},"Passes %":{"home":"86%","away":"78%"}}