{"Shots on Goal":{"home":"7","away":"2"},"Shots off Goal":{"home":"5","away":"3"},"Total Shots":{"home":"14","away":"10"},"Blocked Shots":{"home":"2","away":"5"},"Shots insidebox":{"home":"10","away":"7"},"Shots outsidebox":{"home":"4","away":"3"},"Fouls":{"home":"8","away":"11"},"Corner Kicks":{"home":"4","away":"9"},"Offsides":{"home":"0","away":"1"},"Ball Possession":{"home":"33%","away":"67%"},"Yellow Cards":{"home":"1","away":"1"},"Red Cards":{"home":null,"away":null},"Goalkeeper Saves":{"home":"1","away":"4"},"Total passes":{"home":"260","away":"525"},"Passes accurate":{"home":"152","away":"393"},"Passes %":{"home":"58%","away":"75%"}}