{"Shots on Goal":{"home":"9","away":"1"},"Shots off Goal":{"home":"11","away":"0"},"Total Shots":{"home":"28","away":"4"},"Blocked Shots":{"home":"8","away":"3"},"Shots insidebox":{"home":"13","away":"3"},"Shots outsidebox":{"home":"15","away":"1"},"Fouls":{"home":"13","away":"17"},"Corner Kicks":{"home":"9","away":"6"},"Offsides":{"home":"0","away":"2"},"Ball Possession":{"home":"46%","away":"54%"},"Yellow Cards":{"home":"1","away":"4"},"Red Cards":{"home":null,"away":null},"Goalkeeper Saves":{"home":"1","away":"7"},"Total passes":{"home":"333","away":"383"},"Passes accurate":{"home":"229","away":"282"},"Passes %":{"home":"69%","away":"74%"}}