{"Shots on Goal":{"home":"5","away":"2"},"Shots off Goal":{"home":"9","away":"3"},"Total Shots":{"home":"16","away":"8"},"Blocked Shots":{"home":"2","away":"3"},"Shots insidebox":{"home":"13","away":"8"},"Shots outsidebox":{"home":"3","away":"0"},"Fouls":{"home":"11","away":"17"},"Corner Kicks":{"home":"6","away":"3"},"Offsides":{"home":"0","away":"3"},"Ball Possession":{"home":"64%","away":"36%"},"Yellow Cards":{"home":"2","away":"2"},"Red Cards":{"home":null,"away":null},"Goalkeeper Saves":{"home":"1","away":"3"},"Total passes":{"home":"552","away":"311"},"Passes accurate":{"home":"447","away":"214"},"Passes %":{"home":"81%","away":"69%"}}