{"Shots on Goal":{"home":"2","away":"3"},"Shots off Goal":{"home":"3","away":"5"},"Total Shots":{"home":"9","away":"8"},"Blocked Shots":{"home":"4","away":"0"},"Shots insidebox":{"home":"7","away":"7"},"Shots outsidebox":{"home":"2","away":"1"},"Fouls":{"home":"11","away":"13"},"Corner Kicks":{"home":"3","away":"4"},"Offsides":{"home":"2","away":"4"},"Ball Possession":{"home":"55%","away":"45%"},"Yellow Cards":{"home":"2","away":"3"},"Red Cards":{"home":null,"away":null},"Goalkeeper Saves":{"home":"2","away":"1"},"Total passes":{"home":"496","away":"389"},"Passes accurate":{"home":"390","away":"290"},"Passes %":{"home":"79%","away":"75%"}}