{"Shots on Goal":{"home":"0","away":"6"},"Shots off Goal":{"home":"5","away":"6"},"Total Shots":{"home":"6","away":"15"},"Blocked Shots":{"home":"1","away":"3"},"Shots insidebox":{"home":"6","away":"6"},"Shots outsidebox":{"home":"0","away":"9"},"Fouls":{"home":"12","away":"13"},"Corner Kicks":{"home":"0","away":"8"},"Offsides":{"home":"2","away":"1"},"Ball Possession":{"home":"43%","away":"57%"},"Yellow Cards":{"home":"1","away":"2"},"Red Cards":{"home":null,"away":null},"Goalkeeper Saves":{"home":"4","away":"0"},"Total passes":{"home":"349","away":"441"},"Passes accurate":{"home":"220","away":"311"},"Passes %":{"home":"63%","away":"71%"}}