{"Shots on Goal":{"home":"3","away":"2"},"Shots off Goal":{"home":"5","away":"7"},"Total Shots":{"home":"14","away":"12"},"Blocked Shots":{"home":"6","away":"3"},"Shots insidebox":{"home":"10","away":"7"},"Shots outsidebox":{"home":"4","away":"5"},"Fouls":{"home":"12","away":"7"},"Corner Kicks":{"home":"7","away":"3"},"Offsides":{"home":"1","away":"0"},"Ball Possession":{"home":"50%","away":"50%"},"Yellow Cards":{"home":"0","away":"1"},"Red Cards":{"home":null,"away":null},"Goalkeeper Saves":{"home":"1","away":"1"},"Total passes":{"home":"481","away":"471"},"Passes accurate":{"home":"384","away":"371"},"Passes %":{"home":"80%","away":"79%"}}