{"Shots on Goal":{"home":"3","away":"2"},"Shots off Goal":{"home":"6","away":"5"},"Total Shots":{"home":"13","away":"7"},"Blocked Shots":{"home":"4","away":"0"},"Shots insidebox":{"home":"9","away":"5"},"Shots outsidebox":{"home":"4","away":"2"},"Fouls":{"home":"11","away":"6"},"Corner Kicks":{"home":"7","away":"3"},"Offsides":{"home":"3","away":"1"},"Ball Possession":{"home":"47%","away":"53%"},"Yellow Cards":{"home":"1","away":"0"},"Red Cards":{"home":null,"away":null},"Goalkeeper Saves":{"home":"2","away":"2"},"Total passes":{"home":"434","away":"499"},"Passes accurate":{"home":"303","away":"365"},"Passes %":{"home":"70%","away":"73%"}}