{"Shots on Goal":{"home":"11","away":"1"},"Shots off Goal":{"home":"5","away":"1"},"Total Shots":{"home":"17","away":"3"},"Blocked Shots":{"home":"1","away":"1"},"Shots insidebox":{"home":"9","away":"2"},"Shots outsidebox":{"home":"8","away":"1"},"Fouls":{"home":"8","away":"10"},"Corner Kicks":{"home":"6","away":"1"},"Offsides":{"home":"0","away":"1"},"Ball Possession":{"home":"60%","away":"40%"},"Yellow Cards":{"home":"1","away":"2"},"Red Cards":{"home":null,"away":null},"Goalkeeper Saves":{"home":"1","away":"7"},"Total passes":{"home":"643","away":"404"},"Passes accurate":{"home":"572","away":"320"},"Passes %":{"home":"89%","away":"79%"}}