{"Shots on Goal":{"home":"8","away":"2"},"Shots off Goal":{"home":"4","away":"3"},"Total Shots":{"home":"19","away":"6"},"Blocked Shots":{"home":"7","away":"1"},"Shots insidebox":{"home":"13","away":"6"},"Shots outsidebox":{"home":"6","away":"0"},"Fouls":{"home":"10","away":"19"},"Corner Kicks":{"home":"7","away":"8"},"Offsides":{"home":"2","away":"1"},"Ball Possession":{"home":"67%","away":"33%"},"Yellow Cards":{"home":"1","away":"1"},"Red Cards":{"home":null,"away":null},"Goalkeeper Saves":{"home":"1","away":"4"},"Total passes":{"home":"571","away":"270"},"Passes accurate":{"home":"491","away":"183"},"Passes %":{"home":"86%","away":"68%"}}