{"Shots on Goal":{"home":"9","away":"4"},"Shots off Goal":{"home":"3","away":"7"},"Total Shots":{"home":"16","away":"17"},"Blocked Shots":{"home":"4","away":"6"},"Shots insidebox":{"home":"11","away":"11"},"Shots outsidebox":{"home":"5","away":"6"},"Fouls":{"home":"9","away":"15"},"Corner Kicks":{"home":"6","away":"11"},"Offsides":{"home":"2","away":"5"},"Ball Possession":{"home":"61%","away":"39%"},"Yellow Cards":{"home":"0","away":"2"},"Red Cards":{"home":null,"away":null},"Goalkeeper Saves":{"home":"4","away":"5"},"Total passes":{"home":"531","away":"320"},"Passes accurate":{"home":"402","away":"205"},"Passes %":{"home":"76%","away":"64%"}}