{"Shots on Goal":{"home":"2","away":"5"},"Shots off Goal":{"home":"8","away":"7"},"Total Shots":{"home":"15","away":"17"},"Blocked Shots":{"home":"5","away":"5"},"Shots insidebox":{"home":"11","away":"12"},"Shots outsidebox":{"home":"4","away":"5"},"Fouls":{"home":"13","away":"13"},"Corner Kicks":{"home":"3","away":"3"},"Offsides":{"home":"2","away":"3"},"Ball Possession":{"home":"41%","away":"59%"},"Yellow Cards":{"home":"2","away":"3"},"Red Cards":{"home":null,"away":null},"Goalkeeper Saves":{"home":"4","away":"2"},"Total passes":{"home":"342","away":"504"},"Passes accurate":{"home":"236","away":"413"},"Passes %":{"home":"69%","away":"82%"}}