{"Shots on Goal":{"home":"3","away":"3"},"Shots off Goal":{"home":"8","away":"2"},"Total Shots":{"home":"15","away":"9"},"Blocked Shots":{"home":"4","away":"4"},"Shots insidebox":{"home":"11","away":"6"},"Shots outsidebox":{"home":"4","away":"3"},"Fouls":{"home":"13","away":"10"},"Corner Kicks":{"home":"7","away":"0"},"Offsides":{"home":"2","away":"0"},"Ball Possession":{"home":"41%","away":"59%"},"Yellow Cards":{"home":"2","away":"4"},"Red Cards":{"home":"0","away":"1"},"Goalkeeper Saves":{"home":"3","away":"3"},"Total passes":{"home":"331","away":"484"},"Passes accurate":{"home":"245","away":"407"},"Passes %":{"home":"74%","away":"84%"}}