{"Shots on Goal":{"home":"4","away":"4"},"Shots off Goal":{"home":"5","away":"6"},"Total Shots":{"home":"11","away":"12"},"Blocked Shots":{"home":"2","away":"2"},"Shots insidebox":{"home":"7","away":"9"},"Shots outsidebox":{"home":"4","away":"3"},"Fouls":{"home":"9","away":"13"},"Corner Kicks":{"home":"4","away":"5"},"Offsides":{"home":"3","away":"0"},"Ball Possession":{"home":"60%","away":"40%"},"Yellow Cards":{"home":"1","away":"2"},"Red Cards":{"home":null,"away":null},"Goalkeeper Saves":{"home":"2","away":"3"},"Total passes":{"home":"564","away":"352"},"Passes accurate":{"home":"455","away":"245"},"Passes %":{"home":"81%","away":"70%"}}