{"Shots on Goal":{"home":"7","away":"0"},"Shots off Goal":{"home":"5","away":"2"},"Total Shots":{"home":"20","away":"3"},"Blocked Shots":{"home":"8","away":"1"},"Shots insidebox":{"home":"13","away":"2"},"Shots outsidebox":{"home":"7","away":"1"},"Fouls":{"home":"5","away":"7"},"Corner Kicks":{"home":"6","away":"1"},"Offsides":{"home":"1","away":"3"},"Ball Possession":{"home":"78%","away":"22%"},"Yellow Cards":{"home":"0","away":"1"},"Red Cards":{"home":null,"away":null},"Goalkeeper Saves":{"home":"0","away":"5"},"Total passes":{"home":"891","away":"244"},"Passes accurate":{"home":"819","away":"169"},"Passes %":{"home":"92%","away":"69%"}}