{"Shots on Goal":{"home":"5","away":"3"},"Shots off Goal":{"home":"5","away":"1"},"Total Shots":{"home":"16","away":"6"},"Blocked Shots":{"home":"6","away":"2"},"Shots insidebox":{"home":"7","away":"5"},"Shots outsidebox":{"home":"9","away":"1"},"Fouls":{"home":"10","away":"10"},"Corner Kicks":{"home":"4","away":"5"},"Offsides":{"home":"0","away":"3"},"Ball Possession":{"home":"66%","away":"34%"},"Yellow Cards":{"home":"2","away":"2"},"Red Cards":{"home":"1","away":"1"},"Goalkeeper Saves":{"home":"3","away":"3"},"Total passes":{"home":"632","away":"309"},"Passes accurate":{"home":"534","away":"209"},"Passes %":{"home":"84%","away":"68%"}}