{"Shots on Goal":{"home":"4","away":"3"},"Shots off Goal":{"home":"5","away":"1"},"Total Shots":{"home":"14","away":"7"},"Blocked Shots":{"home":"5","away":"3"},"Shots insidebox":{"home":"8","away":"6"},"Shots outsidebox":{"home":"6","away":"1"},"Fouls":{"home":"16","away":"14"},"Corner Kicks":{"home":"4","away":"6"},"Offsides":{"home":"1","away":"1"},"Ball Possession":{"home":"50%","away":"50%"},"Yellow Cards":{"home":"2","away":"2"},"Red Cards":{"home":null,"away":null},"Goalkeeper Saves":{"home":"1","away":"2"},"Total passes":{"home":"474","away":"475"},"Passes accurate":{"home":"368","away":"372"},"Passes %":{"home":"78%","away":"78%"}}