{"Shots on Goal":{"home":"4","away":"7"},"Shots off Goal":{"home":"8","away":"5"},"Total Shots":{"home":"14","away":"13"},"Blocked Shots":{"home":"2","away":"1"},"Shots insidebox":{"home":"9","away":"12"},"Shots outsidebox":{"home":"5","away":"1"},"Fouls":{"home":"4","away":"8"},"Corner Kicks":{"home":"4","away":"3"},"Offsides":{"home":"2","away":"2"},"Ball Possession":{"home":"33%","away":"67%"},"Yellow Cards":{"home":"0","away":"2"},"Red Cards":{"home":null,"away":null},"Goalkeeper Saves":{"home":"5","away":"4"},"Total passes":{"home":"381","away":"786"},"Passes accurate":{"home":"298","away":"683"},"Passes %":{"home":"78%","away":"87%"}}