{"Shots on Goal":{"home":"5","away":"8"},"Shots off Goal":{"home":"2","away":"6"},"Total Shots":{"home":"8","away":"18"},"Blocked Shots":{"home":"1","away":"4"},"Shots insidebox":{"home":"5","away":"12"},"Shots outsidebox":{"home":"3","away":"6"},"Fouls":{"home":"14","away":"8"},"Corner Kicks":{"home":"4","away":"5"},"Offsides":{"home":"1","away":"0"},"Ball Possession":{"home":"44%","away":"56%"},"Yellow Cards":{"home":"1","away":"0"},"Red Cards":{"home":null,"away":null},"Goalkeeper Saves":{"home":"7","away":"3"},"Total passes":{"home":"382","away":"491"},"Passes accurate":{"home":"279","away":"388"},"Passes %":{"home":"73%","away":"79%"}}