{"Shots on Goal":{"home":"2","away":"6"},"Shots off Goal":{"home":"6","away":"3"},"Total Shots":{"home":"10","away":"9"},"Blocked Shots":{"home":"2","away":"0"},"Shots insidebox":{"home":"6","away":"6"},"Shots outsidebox":{"home":"4","away":"3"},"Fouls":{"home":"8","away":"11"},"Corner Kicks":{"home":"4","away":"3"},"Offsides":{"home":"1","away":"3"},"Ball Possession":{"home":"63%","away":"37%"},"Yellow Cards":{"home":"2","away":"2"},"Red Cards":{"home":null,"away":null},"Goalkeeper Saves":{"home":"4","away":"1"},"Total passes":{"home":"513","away":"292"},"Passes accurate":{"home":"381","away":"178"},"Passes %":{"home":"74%","away":"61%"}}