{"Shots on Goal":{"home":"6","away":"4"},"Shots off Goal":{"home":"1","away":"8"},"Total Shots":{"home":"11","away":"19"},"Blocked Shots":{"home":"4","away":"7"},"Shots insidebox":{"home":"6","away":"11"},"Shots outsidebox":{"home":"5","away":"8"},"Fouls":{"home":"13","away":"16"},"Corner Kicks":{"home":"6","away":"7"},"Offsides":{"home":"2","away":"0"},"Ball Possession":{"home":"42%","away":"58%"},"Yellow Cards":{"home":"1","away":"2"},"Red Cards":{"home":null,"away":null},"Goalkeeper Saves":{"home":"4","away":"5"},"Total passes":{"home":"343","away":"469"},"Passes accurate":{"home":"259","away":"390"},"Passes %":{"home":"76%","away":"83%"}}