{"Shots on Goal":{"home":"6","away":"2"},"Shots off Goal":{"home":"6","away":"3"},"Total Shots":{"home":"16","away":"10"},"Blocked Shots":{"home":"4","away":"5"},"Shots insidebox":{"home":"7","away":"6"},"Shots outsidebox":{"home":"9","away":"4"},"Fouls":{"home":"9","away":"11"},"Corner Kicks":{"home":"9","away":"2"},"Offsides":{"home":"3","away":"0"},"Ball Possession":{"home":"55%","away":"45%"},"Yellow Cards":{"home":"0","away":"2"},"Red Cards":{"home":null,"away":null},"Goalkeeper Saves":{"home":"2","away":"4"},"Total passes":{"home":"496","away":"413"},"Passes accurate":{"home":"411","away":"317"},"Passes %":{"home":"83%","away":"77%"}}