{"Shots on Goal":{"home":"5","away":"4"},"Shots off Goal":{"home":"6","away":"4"},"Total Shots":{"home":"16","away":"9"},"Blocked Shots":{"home":"5","away":"1"},"Shots insidebox":{"home":"12","away":"4"},"Shots outsidebox":{"home":"4","away":"5"},"Fouls":{"home":"7","away":"10"},"Corner Kicks":{"home":"11","away":"5"},"Offsides":{"home":"2","away":"3"},"Ball Possession":{"home":"53%","away":"47%"},"Yellow Cards":{"home":"1","away":"3"},"Red Cards":{"home":null,"away":null},"Goalkeeper Saves":{"home":"4","away":"3"},"Total passes":{"home":"504","away":"448"},"Passes accurate":{"home":"397","away":"354"},"Passes %":{"home":"79%","away":"79%"}}