{"Shots on Goal":{"home":"5","away":"2"},"Shots off Goal":{"home":"4","away":"3"},"Total Shots":{"home":"14","away":"5"},"Blocked Shots":{"home":"5","away":"0"},"Shots insidebox":{"home":"10","away":"2"},"Shots outsidebox":{"home":"4","away":"3"},"Fouls":{"home":"13","away":"7"},"Corner Kicks":{"home":"12","away":"4"},"Offsides":{"home":"2","away":"2"},"Ball Possession":{"home":"59%","away":"41%"},"Yellow Cards":{"home":"1","away":"2"},"Red Cards":{"home":null,"away":null},"Goalkeeper Saves":{"home":"1","away":"4"},"Total passes":{"home":"471","away":"334"},"Passes accurate":{"home":"380","away":"243"},"Passes %":{"home":"81%","away":"73%"}}