{"Shots on Goal":{"home":"4","away":"1"},"Shots off Goal":{"home":"6","away":"4"},"Total Shots":{"home":"21","away":"8"},"Blocked Shots":{"home":"11","away":"3"},"Shots insidebox":{"home":"12","away":"5"},"Shots outsidebox":{"home":"9","away":"3"},"Fouls":{"home":"11","away":"9"},"Corner Kicks":{"home":"11","away":"7"},"Offsides":{"home":"2","away":"2"},"Ball Possession":{"home":"54%","away":"46%"},"Yellow Cards":{"home":"4","away":"3"},"Red Cards":{"home":null,"away":null},"Goalkeeper Saves":{"home":"1","away":"4"},"Total passes":{"home":"372","away":"320"},"Passes accurate":{"home":"250","away":"210"},"Passes %":{"home":"67%","away":"66%"}}