{"Shots on Goal":{"home":"6","away":"3"},"Shots off Goal":{"home":"4","away":"5"},"Total Shots":{"home":"12","away":"11"},"Blocked Shots":{"home":"2","away":"3"},"Shots insidebox":{"home":"10","away":"8"},"Shots outsidebox":{"home":"2","away":"3"},"Fouls":{"home":"11","away":"13"},"Corner Kicks":{"home":"7","away":"6"},"Offsides":{"home":"3","away":"1"},"Ball Possession":{"home":"48%","away":"52%"},"Yellow Cards":{"home":"1","away":"0"},"Red Cards":{"home":null,"away":null},"Goalkeeper Saves":{"home":"2","away":"4"},"Total passes":{"home":"427","away":"456"},"Passes accurate":{"home":"330","away":"361"},"Passes %":{"home":"77%","away":"79%"}}