{"Shots on Goal":{"home":"1","away":"5"},"Shots off Goal":{"home":"5","away":"3"},"Total Shots":{"home":"8","away":"14"},"Blocked Shots":{"home":"2","away":"6"},"Shots insidebox":{"home":"4","away":"6"},"Shots outsidebox":{"home":"4","away":"8"},"Fouls":{"home":"17","away":"10"},"Corner Kicks":{"home":"5","away":"4"},"Offsides":{"home":"5","away":"2"},"Ball Possession":{"home":"38%","away":"62%"},"Yellow Cards":{"home":"4","away":"3"},"Red Cards":{"home":null,"away":null},"Goalkeeper Saves":{"home":"2","away":"1"},"Total passes":{"home":"295","away":"501"},"Passes accurate":{"home":"200","away":"407"},"Passes %":{"home":"68%","away":"81%"}}