{"Shots on Goal":{"home":"3","away":"2"},"Shots off Goal":{"home":"4","away":"5"},"Total Shots":{"home":"10","away":"10"},"Blocked Shots":{"home":"3","away":"3"},"Shots insidebox":{"home":"7","away":"4"},"Shots outsidebox":{"home":"3","away":"6"},"Fouls":{"home":"7","away":"3"},"Corner Kicks":{"home":"5","away":"6"},"Offsides":{"home":"2","away":"5"},"Ball Possession":{"home":"62%","away":"38%"},"Yellow Cards":{"home":"1","away":"0"},"Red Cards":{"home":null,"away":null},"Goalkeeper Saves":{"home":"2","away":"2"},"Total passes":{"home":"607","away":"352"},"Passes accurate":{"home":"522","away":"258"},"Passes %":{"home":"86%","away":"73%"}}