{"Shots on Goal":{"home":"10","away":"2"},"Shots off Goal":{"home":"7","away":"5"},"Total Shots":{"home":"22","away":"7"},"Blocked Shots":{"home":"5","away":"0"},"Shots insidebox":{"home":"8","away":"5"},"Shots outsidebox":{"home":"14","away":"2"},"Fouls":{"home":"10","away":"7"},"Corner Kicks":{"home":"5","away":"0"},"Offsides":{"home":"1","away":"1"},"Ball Possession":{"home":"73%","away":"27%"},"Yellow Cards":{"home":"2","away":"2"},"Red Cards":{"home":null,"away":null},"Goalkeeper Saves":{"home":"1","away":"6"},"Total passes":{"home":"815","away":"295"},"Passes accurate":{"home":"732","away":"213"},"Passes %":{"home":"90%","away":"72%"}}