{"Shots on Goal":{"home":"3","away":"6"},"Shots off Goal":{"home":"5","away":"1"},"Total Shots":{"home":"10","away":"13"},"Blocked Shots":{"home":"2","away":"6"},"Shots insidebox":{"home":"8","away":"10"},"Shots outsidebox":{"home":"2","away":"3"},"Fouls":{"home":"6","away":"11"},"Corner Kicks":{"home":"2","away":"4"},"Offsides":{"home":"2","away":"0"},"Ball Possession":{"home":"46%","away":"54%"},"Yellow Cards":{"home":"0","away":"1"},"Red Cards":{"home":null,"away":null},"Goalkeeper Saves":{"home":"4","away":"2"},"Total passes":{"home":"502","away":"585"},"Passes accurate":{"home":"412","away":"490"},"Passes %":{"home":"82%","away":"84%"}}