{"Shots on Goal":{"home":"1","away":"6"},"Shots off Goal":{"home":"3","away":"7"},"Total Shots":{"home":"5","away":"17"},"Blocked Shots":{"home":"1","away":"4"},"Shots insidebox":{"home":"3","away":"11"},"Shots outsidebox":{"home":"2","away":"6"},"Fouls":{"home":"5","away":"11"},"Corner Kicks":{"home":"2","away":"7"},"Offsides":{"home":"1","away":"0"},"Ball Possession":{"home":"36%","away":"64%"},"Yellow Cards":{"home":"1","away":"2"},"Red Cards":{"home":null,"away":null},"Goalkeeper Saves":{"home":"5","away":"1"},"Total passes":{"home":"367","away":"620"},"Passes accurate":{"home":"266","away":"520"},"Passes %":{"home":"72%","away":"84%"}}