{"Shots on Goal":{"home":"10","away":"4"},"Shots off Goal":{"home":"2","away":"4"},"Total Shots":{"home":"16","away":"11"},"Blocked Shots":{"home":"4","away":"3"},"Shots insidebox":{"home":"7","away":"8"},"Shots outsidebox":{"home":"9","away":"3"},"Fouls":{"home":"9","away":"9"},"Corner Kicks":{"home":"7","away":"3"},"Offsides":{"home":"1","away":"1"},"Ball Possession":{"home":"41%","away":"59%"},"Yellow Cards":{"home":"4","away":"3"},"Red Cards":{"home":null,"away":null},"Goalkeeper Saves":{"home":"4","away":"7"},"Total passes":{"home":"302","away":"435"},"Passes accurate":{"home":"204","away":"343"},"Passes %":{"home":"68%","away":"79%"}}