{"Shots on Goal":{"home":"1","away":"12"},"Shots off Goal":{"home":"4","away":"8"},"Total Shots":{"home":"7","away":"22"},"Blocked Shots":{"home":"2","away":"2"},"Shots insidebox":{"home":"7","away":"14"},"Shots outsidebox":{"home":"0","away":"8"},"Fouls":{"home":"5","away":"12"},"Corner Kicks":{"home":"2","away":"4"},"Offsides":{"home":"1","away":"0"},"Ball Possession":{"home":"29%","away":"71%"},"Yellow Cards":{"home":"2","away":"1"},"Red Cards":{"home":null,"away":null},"Goalkeeper Saves":{"home":"5","away":"0"},"Total passes":{"home":"358","away":"863"},"Passes accurate":{"home":"283","away":"795"},"Passes %":{"home":"79%","away":"92%"}}