{"Shots on Goal":{"home":"5","away":"6"},"Shots off Goal":{"home":"3","away":"12"},"Total Shots":{"home":"9","away":"23"},"Blocked Shots":{"home":"1","away":"5"},"Shots insidebox":{"home":"9","away":"14"},"Shots outsidebox":{"home":"0","away":"9"},"Fouls":{"home":"8","away":"5"},"Corner Kicks":{"home":"4","away":"14"},"Offsides":{"home":"1","away":"2"},"Ball Possession":{"home":"26%","away":"74%"},"Yellow Cards":{"home":"2","away":"2"},"Red Cards":{"home":null,"away":null},"Goalkeeper Saves":{"home":"5","away":"3"},"Total passes":{"home":"300","away":"806"},"Passes accurate":{"home":"209","away":"705"},"Passes %":{"home":"70%","away":"87%"}}