{"Shots on Goal":{"home":"2","away":"2"},"Shots off Goal":{"home":"10","away":"6"},"Total Shots":{"home":"15","away":"13"},"Blocked Shots":{"home":"3","away":"5"},"Shots insidebox":{"home":"11","away":"9"},"Shots outsidebox":{"home":"4","away":"4"},"Fouls":{"home":"8","away":"11"},"Corner Kicks":{"home":"5","away":"7"},"Offsides":{"home":"4","away":"1"},"Ball Possession":{"home":"42%","away":"58%"},"Yellow Cards":{"home":"1","away":"3"},"Red Cards":{"home":null,"away":null},"Goalkeeper Saves":{"home":"2","away":"2"},"Total passes":{"home":"318","away":"462"},"Passes accurate":{"home":"240","away":"372"},"Passes %":{"home":"75%","away":"81%"}}