{"Shots on Goal":{"home":"6","away":"2"},"Shots off Goal":{"home":"5","away":"3"},"Total Shots":{"home":"20","away":"11"},"Blocked Shots":{"home":"9","away":"6"},"Shots insidebox":{"home":"12","away":"5"},"Shots outsidebox":{"home":"8","away":"6"},"Fouls":{"home":"16","away":"9"},"Corner Kicks":{"home":"6","away":"3"},"Offsides":{"home":"1","away":"3"},"Ball Possession":{"home":"48%","away":"52%"},"Yellow Cards":{"home":"5","away":"1"},"Red Cards":{"home":"1","away":"0"},"Goalkeeper Saves":{"home":"2","away":"3"},"Total passes":{"home":"412","away":"430"},"Passes accurate":{"home":"325","away":"351"},"Passes %":{"home":"79%","away":"82%"}}