{"Shots on Goal":{"home":"5","away":"4"},"Shots off Goal":{"home":"4","away":"10"},"Total Shots":{"home":"15","away":"20"},"Blocked Shots":{"home":"6","away":"6"},"Shots insidebox":{"home":"7","away":"14"},"Shots outsidebox":{"home":"8","away":"6"},"Fouls":{"home":"10","away":"15"},"Corner Kicks":{"home":"8","away":"12"},"Offsides":{"home":"3","away":"0"},"Ball Possession":{"home":"43%","away":"57%"},"Yellow Cards":{"home":"2","away":"1"},"Red Cards":{"home":null,"away":null},"Goalkeeper Saves":{"home":"4","away":"6"},"Total passes":{"home":"363","away":"483"},"Passes accurate":{"home":"292","away":"393"},"Passes %":{"home":"80%","away":"81%"}}