{"Shots on Goal":{"home":"8","away":"3"},"Shots off Goal":{"home":"6","away":"3"},"Total Shots":{"home":"21","away":"7"},"Blocked Shots":{"home":"7","away":"1"},"Shots insidebox":{"home":"11","away":"5"},"Shots outsidebox":{"home":"10","away":"2"},"Fouls":{"home":"7","away":"13"},"Corner Kicks":{"home":"3","away":"1"},"Offsides":{"home":"0","away":"1"},"Ball Possession":{"home":"61%","away":"39%"},"Yellow Cards":{"home":"0","away":"1"},"Red Cards":{"home":"0","away":"1"},"Goalkeeper Saves":{"home":"1","away":"5"},"Total passes":{"home":"564","away":"358"},"Passes accurate":{"home":"500","away":"282"},"Passes %":{"home":"89%","away":"79%"}}