{"Shots on Goal":{"home":"7","away":"2"},"Shots off Goal":{"home":"5","away":"1"},"Total Shots":{"home":"14","away":"3"},"Blocked Shots":{"home":"2","away":"0"},"Shots insidebox":{"home":"10","away":"3"},"Shots outsidebox":{"home":"4","away":"0"},"Fouls":{"home":"3","away":"12"},"Corner Kicks":{"home":"9","away":"2"},"Offsides":{"home":"1","away":"3"},"Ball Possession":{"home":"42%","away":"58%"},"Yellow Cards":{"home":"1","away":"2"},"Red Cards":{"home":null,"away":null},"Goalkeeper Saves":{"home":"2","away":"3"},"Total passes":{"home":"444","away":"618"},"Passes accurate":{"home":"352","away":"539"},"Passes %":{"home":"79%","away":"87%"}}