{"Shots on Goal":{"home":"7","away":"4"},"Shots off Goal":{"home":"10","away":"2"},"Total Shots":{"home":"25","away":"7"},"Blocked Shots":{"home":"8","away":"1"},"Shots insidebox":{"home":"18","away":"6"},"Shots outsidebox":{"home":"7","away":"1"},"Fouls":{"home":"4","away":"10"},"Corner Kicks":{"home":"16","away":"8"},"Offsides":{"home":"2","away":"2"},"Ball Possession":{"home":"69%","away":"31%"},"Yellow Cards":{"home":"0","away":"3"},"Red Cards":{"home":null,"away":null},"Goalkeeper Saves":{"home":"2","away":"4"},"Total passes":{"home":"622","away":"265"},"Passes accurate":{"home":"525","away":"175"},"Passes %":{"home":"84%","away":"66%"}}