{"Shots on Goal":{"home":"3","away":"4"},"Shots off Goal":{"home":"4","away":"7"},"Total Shots":{"home":"9","away":"16"},"Blocked Shots":{"home":"2","away":"5"},"Shots insidebox":{"home":"6","away":"8"},"Shots outsidebox":{"home":"3","away":"8"},"Fouls":{"home":"12","away":"6"},"Corner Kicks":{"home":"4","away":"7"},"Offsides":{"home":"1","away":"0"},"Ball Possession":{"home":"36%","away":"64%"},"Yellow Cards":{"home":"3","away":"1"},"Red Cards":{"home":"1","away":"0"},"Goalkeeper Saves":{"home":"3","away":"1"},"Total passes":{"home":"343","away":"578"},"Passes accurate":{"home":"250","away":"491"},"Passes %":{"home":"73%","away":"85%"}}