{"Shots on Goal":{"home":"6","away":"6"},"Shots off Goal":{"home":"3","away":"10"},"Total Shots":{"home":"12","away":"19"},"Blocked Shots":{"home":"3","away":"3"},"Shots insidebox":{"home":"8","away":"12"},"Shots outsidebox":{"home":"4","away":"7"},"Fouls":{"home":"8","away":"10"},"Corner Kicks":{"home":"4","away":"6"},"Offsides":{"home":"2","away":"1"},"Ball Possession":{"home":"34%","away":"66%"},"Yellow Cards":{"home":"1","away":"1"},"Red Cards":{"home":null,"away":null},"Goalkeeper Saves":{"home":"4","away":"3"},"Total passes":{"home":"308","away":"584"},"Passes accurate":{"home":"229","away":"490"},"Passes %":{"home":"74%","away":"84%"}}