{"Shots on Goal":{"home":"3","away":"5"},"Shots off Goal":{"home":"0","away":"6"},"Total Shots":{"home":"3","away":"17"},"Blocked Shots":{"home":"0","away":"6"},"Shots insidebox":{"home":"3","away":"13"},"Shots outsidebox":{"home":"0","away":"4"},"Fouls":{"home":"8","away":"14"},"Corner Kicks":{"home":"2","away":"6"},"Offsides":{"home":"2","away":"0"},"Ball Possession":{"home":"32%","away":"68%"},"Yellow Cards":{"home":"2","away":"5"},"Red Cards":{"home":"0","away":"1"},"Goalkeeper Saves":{"home":"5","away":"1"},"Total passes":{"home":"337","away":"687"},"Passes accurate":{"home":"251","away":"604"},"Passes %":{"home":"74%","away":"88%"}}