{"Shots on Goal":{"home":"1","away":"6"},"Shots off Goal":{"home":"13","away":"3"},"Total Shots":{"home":"20","away":"11"},"Blocked Shots":{"home":"6","away":"2"},"Shots insidebox":{"home":"13","away":"9"},"Shots outsidebox":{"home":"7","away":"2"},"Fouls":{"home":"12","away":"10"},"Corner Kicks":{"home":"8","away":"4"},"Offsides":{"home":"2","away":"1"},"Ball Possession":{"home":"61%","away":"39%"},"Yellow Cards":{"home":"1","away":"1"},"Red Cards":{"home":null,"away":null},"Goalkeeper Saves":{"home":"4","away":"0"},"Total passes":{"home":"506","away":"327"},"Passes accurate":{"home":"406","away":"224"},"Passes %":{"home":"80%","away":"69%"}}