{"Shots on Goal":{"home":"5","away":"5"},"Shots off Goal":{"home":"4","away":"4"},"Total Shots":{"home":"16","away":"16"},"Blocked Shots":{"home":"7","away":"7"},"Shots insidebox":{"home":"11","away":"12"},"Shots outsidebox":{"home":"5","away":"4"},"Fouls":{"home":"8","away":"15"},"Corner Kicks":{"home":"5","away":"3"},"Offsides":{"home":"0","away":"3"},"Ball Possession":{"home":"47%","away":"53%"},"Yellow Cards":{"home":"2","away":"3"},"Red Cards":{"home":null,"away":null},"Goalkeeper Saves":{"home":"3","away":"4"},"Total passes":{"home":"484","away":"537"},"Passes accurate":{"home":"377","away":"436"},"Passes %":{"home":"78%","away":"81%"}}