{"Shots on Goal":{"home":"5","away":"4"},"Shots off Goal":{"home":"2","away":"7"},"Total Shots":{"home":"13","away":"14"},"Blocked Shots":{"home":"6","away":"3"},"Shots insidebox":{"home":"10","away":"11"},"Shots outsidebox":{"home":"3","away":"3"},"Fouls":{"home":"12","away":"14"},"Corner Kicks":{"home":"4","away":"5"},"Offsides":{"home":null,"away":null},"Ball Possession":{"home":"65%","away":"35%"},"Yellow Cards":{"home":"3","away":"2"},"Red Cards":{"home":null,"away":null},"Goalkeeper Saves":{"home":"1","away":"3"},"Total passes":{"home":"618","away":"322"},"Passes accurate":{"home":"529","away":"239"},"Passes %":{"home":"86%","away":"74%"}}