{"Shots on Goal":{"home":"7","away":"3"},"Shots off Goal":{"home":"8","away":"0"},"Total Shots":{"home":"17","away":"5"},"Blocked Shots":{"home":"2","away":"2"},"Shots insidebox":{"home":"8","away":"3"},"Shots outsidebox":{"home":"9","away":"2"},"Fouls":{"home":"14","away":"14"},"Corner Kicks":{"home":"3","away":"5"},"Offsides":{"home":"1","away":"0"},"Ball Possession":{"home":"49%","away":"51%"},"Yellow Cards":{"home":"1","away":"2"},"Red Cards":{"home":null,"away":null},"Goalkeeper Saves":{"home":"3","away":"5"},"Total passes":{"home":"547","away":"561"},"Passes accurate":{"home":"456","away":"462"},"Passes %":{"home":"83%","away":"82%"}}