{"Shots on Goal":{"home":"9","away":"2"},"Shots off Goal":{"home":"9","away":"2"},"Total Shots":{"home":"21","away":"7"},"Blocked Shots":{"home":"3","away":"3"},"Shots insidebox":{"home":"15","away":"4"},"Shots outsidebox":{"home":"6","away":"3"},"Fouls":{"home":"6","away":"15"},"Corner Kicks":{"home":"3","away":"5"},"Offsides":{"home":"1","away":"1"},"Ball Possession":{"home":"58%","away":"42%"},"Yellow Cards":{"home":"0","away":"1"},"Red Cards":{"home":null,"away":null},"Goalkeeper Saves":{"home":"2","away":"5"},"Total passes":{"home":"585","away":"408"},"Passes accurate":{"home":"470","away":"302"},"Passes %":{"home":"80%","away":"74%"}}