{"Shots on Goal":{"home":"5","away":"3"},"Shots off Goal":{"home":"7","away":"5"},"Total Shots":{"home":"15","away":"14"},"Blocked Shots":{"home":"3","away":"6"},"Shots insidebox":{"home":"5","away":"12"},"Shots outsidebox":{"home":"10","away":"2"},"Fouls":{"home":"14","away":"15"},"Corner Kicks":{"home":"4","away":"6"},"Offsides":{"home":"0","away":"1"},"Ball Possession":{"home":"64%","away":"36%"},"Yellow Cards":{"home":"3","away":"2"},"Red Cards":{"home":null,"away":null},"Goalkeeper Saves":{"home":"3","away":"5"},"Total passes":{"home":"627","away":"345"},"Passes accurate":{"home":"557","away":"271"},"Passes %":{"home":"89%","away":"79%"}}