{"Shots on Goal":{"home":"6","away":"2"},"Shots off Goal":{"home":"4","away":"7"},"Total Shots":{"home":"16","away":"10"},"Blocked Shots":{"home":"6","away":"1"},"Shots insidebox":{"home":"14","away":"8"},"Shots outsidebox":{"home":"2","away":"2"},"Fouls":{"home":"10","away":"8"},"Corner Kicks":{"home":"8","away":"4"},"Offsides":{"home":"0","away":"1"},"Ball Possession":{"home":"54%","away":"46%"},"Yellow Cards":{"home":"2","away":"2"},"Red Cards":{"home":null,"away":null},"Goalkeeper Saves":{"home":"1","away":"3"},"Total passes":{"home":"443","away":"387"},"Passes accurate":{"home":"318","away":"279"},"Passes %":{"home":"72%","away":"72%"}}