{"Shots on Goal":{"home":"7","away":"2"},"Shots off Goal":{"home":"5","away":"1"},"Total Shots":{"home":"19","away":"3"},"Blocked Shots":{"home":"7","away":"0"},"Shots insidebox":{"home":"14","away":"2"},"Shots outsidebox":{"home":"5","away":"1"},"Fouls":{"home":"5","away":"8"},"Corner Kicks":{"home":"8","away":"4"},"Offsides":{"home":"1","away":"3"},"Ball Possession":{"home":"74%","away":"26%"},"Yellow Cards":{"home":null,"away":null},"Red Cards":{"home":null,"away":null},"Goalkeeper Saves":{"home":"2","away":"5"},"Total passes":{"home":"970","away":"326"},"Passes accurate":{"home":"874","away":"242"},"Passes %":{"home":"90%","away":"74%"}}