{"Shots on Goal":{"home":"2","away":"10"},"Shots off Goal":{"home":"2","away":"5"},"Total Shots":{"home":"5","away":"17"},"Blocked Shots":{"home":"1","away":"2"},"Shots insidebox":{"home":"3","away":"10"},"Shots outsidebox":{"home":"2","away":"7"},"Fouls":{"home":"8","away":"12"},"Corner Kicks":{"home":"4","away":"5"},"Offsides":{"home":"0","away":"3"},"Ball Possession":{"home":"23%","away":"77%"},"Yellow Cards":{"home":"1","away":"1"},"Red Cards":{"home":null,"away":null},"Goalkeeper Saves":{"home":"7","away":"2"},"Total passes":{"home":"244","away":"833"},"Passes accurate":{"home":"170","away":"755"},"Passes %":{"home":"70%","away":"91%"}}