{"Shots on Goal":{"home":"2","away":"6"},"Shots off Goal":{"home":"3","away":"6"},"Total Shots":{"home":"9","away":"14"},"Blocked Shots":{"home":"4","away":"2"},"Shots insidebox":{"home":"6","away":"7"},"Shots outsidebox":{"home":"3","away":"7"},"Fouls":{"home":"11","away":"9"},"Corner Kicks":{"home":"6","away":"7"},"Offsides":{"home":"2","away":"2"},"Ball Possession":{"home":"69%","away":"31%"},"Yellow Cards":{"home":"1","away":"2"},"Red Cards":{"home":null,"away":null},"Goalkeeper Saves":{"home":"6","away":"1"},"Total passes":{"home":"621","away":"259"},"Passes accurate":{"home":"531","away":"176"},"Passes %":{"home":"86%","away":"68%"}}