{"Shots on Goal":{"home":"8","away":"3"},"Shots off Goal":{"home":"7","away":"2"},"Total Shots":{"home":"17","away":"8"},"Blocked Shots":{"home":"2","away":"3"},"Shots insidebox":{"home":"7","away":"6"},"Shots outsidebox":{"home":"10","away":"2"},"Fouls":{"home":"13","away":"10"},"Corner Kicks":{"home":"6","away":"4"},"Offsides":{"home":"1","away":"0"},"Ball Possession":{"home":"55%","away":"45%"},"Yellow Cards":{"home":"1","away":"1"},"Red Cards":{"home":null,"away":null},"Goalkeeper Saves":{"home":"1","away":"6"},"Total passes":{"home":"556","away":"449"},"Passes accurate":{"home":"467","away":"358"},"Passes %":{"home":"84%","away":"80%"}}