{"Shots on Goal":{"home":"2","away":"2"},"Shots off Goal":{"home":"5","away":"2"},"Total Shots":{"home":"10","away":"5"},"Blocked Shots":{"home":"3","away":"1"},"Shots insidebox":{"home":"7","away":"3"},"Shots outsidebox":{"home":"3","away":"2"},"Fouls":{"home":"9","away":"12"},"Corner Kicks":{"home":"3","away":"2"},"Offsides":{"home":"2","away":"2"},"Ball Possession":{"home":"67%","away":"33%"},"Yellow Cards":{"home":"2","away":"2"},"Red Cards":{"home":null,"away":null},"Goalkeeper Saves":{"home":"1","away":"2"},"Total passes":{"home":"598","away":"299"},"Passes accurate":{"home":"495","away":"192"},"Passes %":{"home":"83%","away":"64%"}}