{"Shots on Goal":{"home":"7","away":"1"},"Shots off Goal":{"home":"7","away":"3"},"Total Shots":{"home":"15","away":"4"},"Blocked Shots":{"home":"1","away":"0"},"Shots insidebox":{"home":"12","away":"2"},"Shots outsidebox":{"home":"3","away":"2"},"Fouls":{"home":"15","away":"12"},"Corner Kicks":{"home":"9","away":"0"},"Offsides":{"home":"3","away":"2"},"Ball Possession":{"home":"65%","away":"35%"},"Yellow Cards":{"home":"2","away":"1"},"Red Cards":{"home":null,"away":null},"Goalkeeper Saves":{"home":"1","away":"3"},"Total passes":{"home":"541","away":"290"},"Passes accurate":{"home":"448","away":"204"},"Passes %":{"home":"83%","away":"70%"}}