{"Shots on Goal":{"home":"4","away":"3"},"Shots off Goal":{"home":"8","away":"4"},"Total Shots":{"home":"15","away":"12"},"Blocked Shots":{"home":"3","away":"5"},"Shots insidebox":{"home":"11","away":"7"},"Shots outsidebox":{"home":"4","away":"5"},"Fouls":{"home":"12","away":"9"},"Corner Kicks":{"home":"2","away":"5"},"Offsides":{"home":"2","away":"1"},"Ball Possession":{"home":"40%","away":"60%"},"Yellow Cards":{"home":"5","away":"0"},"Red Cards":{"home":null,"away":null},"Goalkeeper Saves":{"home":"2","away":"3"},"Total passes":{"home":"362","away":"521"},"Passes accurate":{"home":"292","away":"422"},"Passes %":{"home":"81%","away":"81%"}}