{"Shots on Goal":{"home":"4","away":"10"},"Shots off Goal":{"home":"8","away":"6"},"Total Shots":{"home":"18","away":"23"},"Blocked Shots":{"home":"6","away":"7"},"Shots insidebox":{"home":"12","away":"19"},"Shots outsidebox":{"home":"6","away":"4"},"Fouls":{"home":"12","away":"10"},"Corner Kicks":{"home":"12","away":"7"},"Offsides":{"home":"0","away":"1"},"Ball Possession":{"home":"54%","away":"46%"},"Yellow Cards":{"home":"2","away":"0"},"Red Cards":{"home":null,"away":null},"Goalkeeper Saves":{"home":"7","away":"3"},"Total passes":{"home":"439","away":"379"},"Passes accurate":{"home":"333","away":"285"},"Passes %":{"home":"76%","away":"75%"}}