{"Shots on Goal":{"home":"2","away":"7"},"Shots off Goal":{"home":"3","away":"1"},"Total Shots":{"home":"5","away":"15"},"Blocked Shots":{"home":"0","away":"7"},"Shots insidebox":{"home":"2","away":"5"},"Shots outsidebox":{"home":"3","away":"10"},"Fouls":{"home":"12","away":"10"},"Corner Kicks":{"home":"4","away":"6"},"Offsides":{"home":"3","away":"3"},"Ball Possession":{"home":"41%","away":"59%"},"Yellow Cards":{"home":"3","away":"3"},"Red Cards":{"home":null,"away":null},"Goalkeeper Saves":{"home":"5","away":"1"},"Total passes":{"home":"394","away":"554"},"Passes accurate":{"home":"279","away":"450"},"Passes %":{"home":"71%","away":"81%"}}