{"Shots on Goal":{"home":"0","away":"6"},"Shots off Goal":{"home":"2","away":"7"},"Total Shots":{"home":"3","away":"15"},"Blocked Shots":{"home":"1","away":"2"},"Shots insidebox":{"home":"1","away":"12"},"Shots outsidebox":{"home":"2","away":"3"},"Fouls":{"home":"5","away":"7"},"Corner Kicks":{"home":"2","away":"8"},"Offsides":{"home":"6","away":"3"},"Ball Possession":{"home":"41%","away":"59%"},"Yellow Cards":{"home":"1","away":"1"},"Red Cards":{"home":null,"away":null},"Goalkeeper Saves":{"home":"2","away":"0"},"Total passes":{"home":"421","away":"590"},"Passes accurate":{"home":"345","away":"506"},"Passes %":{"home":"82%","away":"86%"}}