{"Shots on Goal":{"home":"5","away":"5"},"Shots off Goal":{"home":"6","away":"5"},"Total Shots":{"home":"16","away":"14"},"Blocked Shots":{"home":"5","away":"4"},"Shots insidebox":{"home":"12","away":"5"},"Shots outsidebox":{"home":"4","away":"9"},"Fouls":{"home":"11","away":"11"},"Corner Kicks":{"home":"13","away":"8"},"Offsides":{"home":"3","away":"1"},"Ball Possession":{"home":"44%","away":"56%"},"Yellow Cards":{"home":"3","away":"4"},"Red Cards":{"home":null,"away":null},"Goalkeeper Saves":{"home":"4","away":"4"},"Total passes":{"home":"327","away":"426"},"Passes accurate":{"home":"241","away":"330"},"Passes %":{"home":"74%","away":"77%"}}