{"Shots on Goal":{"home":"8","away":"3"},"Shots off Goal":{"home":"4","away":"2"},"Total Shots":{"home":"18","away":"7"},"Blocked Shots":{"home":"6","away":"2"},"Shots insidebox":{"home":"13","away":"4"},"Shots outsidebox":{"home":"5","away":"3"},"Fouls":{"home":"7","away":"4"},"Corner Kicks":{"home":"10","away":"3"},"Offsides":{"home":"6","away":"6"},"Ball Possession":{"home":"65%","away":"35%"},"Yellow Cards":{"home":"0","away":"3"},"Red Cards":{"home":null,"away":null},"Goalkeeper Saves":{"home":"1","away":"5"},"Total passes":{"home":"568","away":"300"},"Passes accurate":{"home":"478","away":"206"},"Passes %":{"home":"84%","away":"69%"}}