{"Shots on Goal":{"home":"4","away":"4"},"Shots off Goal":{"home":"5","away":"3"},"Total Shots":{"home":"10","away":"10"},"Blocked Shots":{"home":"1","away":"3"},"Shots insidebox":{"home":"8","away":"5"},"Shots outsidebox":{"home":"2","away":"5"},"Fouls":{"home":"11","away":"15"},"Corner Kicks":{"home":"1","away":"4"},"Offsides":{"home":null,"away":null},"Ball Possession":{"home":"48%","away":"52%"},"Yellow Cards":{"home":"2","away":"0"},"Red Cards":{"home":null,"away":null},"Goalkeeper Saves":{"home":"4","away":"2"},"Total passes":{"home":"513","away":"542"},"Passes accurate":{"home":"435","away":"462"},"Passes %":{"home":"85%","away":"85%"}}