{"Shots on Goal":{"home":"6","away":"5"},"Shots off Goal":{"home":"5","away":"9"},"Total Shots":{"home":"16","away":"18"},"Blocked Shots":{"home":"5","away":"4"},"Shots insidebox":{"home":"8","away":"15"},"Shots outsidebox":{"home":"8","away":"3"},"Fouls":{"home":"10","away":"15"},"Corner Kicks":{"home":"1","away":"8"},"Offsides":{"home":"1","away":"3"},"Ball Possession":{"home":"40%","away":"60%"},"Yellow Cards":{"home":"3","away":"3"},"Red Cards":{"home":"1","away":"0"},"Goalkeeper Saves":{"home":"4","away":"4"},"Total passes":{"home":"304","away":"448"},"Passes accurate":{"home":"191","away":"340"},"Passes %":{"home":"63%","away":"76%"}}