{"Shots on Goal":{"home":"3","away":"7"},"Shots off Goal":{"home":"4","away":"7"},"Total Shots":{"home":"10","away":"18"},"Blocked Shots":{"home":"3","away":"4"},"Shots insidebox":{"home":"4","away":"10"},"Shots outsidebox":{"home":"6","away":"8"},"Fouls":{"home":"14","away":"10"},"Corner Kicks":{"home":"3","away":"7"},"Offsides":{"home":"1","away":"1"},"Ball Possession":{"home":"32%","away":"68%"},"Yellow Cards":{"home":null,"away":null},"Red Cards":{"home":null,"away":null},"Goalkeeper Saves":{"home":"6","away":"3"},"Total passes":{"home":"308","away":"668"},"Passes accurate":{"home":"235","away":"592"},"Passes %":{"home":"76%","away":"89%"}}