{"Shots on Goal":{"home":"9","away":"2"},"Shots off Goal":{"home":"7","away":"3"},"Total Shots":{"home":"18","away":"8"},"Blocked Shots":{"home":"2","away":"3"},"Shots insidebox":{"home":"11","away":"2"},"Shots outsidebox":{"home":"7","away":"6"},"Fouls":{"home":"15","away":"11"},"Corner Kicks":{"home":"7","away":"5"},"Offsides":{"home":"0","away":"3"},"Ball Possession":{"home":"44%","away":"56%"},"Yellow Cards":{"home":"2","away":"6"},"Red Cards":{"home":"0","away":"1"},"Goalkeeper Saves":{"home":"2","away":"8"},"Total passes":{"home":"356","away":"446"},"Passes accurate":{"home":"263","away":"343"},"Passes %":{"home":"74%","away":"77%"}}