{"Shots on Goal":{"home":"2","away":"4"},"Shots off Goal":{"home":"5","away":"6"},"Total Shots":{"home":"7","away":"13"},"Blocked Shots":{"home":"0","away":"3"},"Shots insidebox":{"home":"6","away":"10"},"Shots outsidebox":{"home":"1","away":"3"},"Fouls":{"home":"13","away":"19"},"Corner Kicks":{"home":"2","away":"3"},"Offsides":{"home":"2","away":"1"},"Ball Possession":{"home":"42%","away":"58%"},"Yellow Cards":{"home":"5","away":"4"},"Red Cards":{"home":null,"away":null},"Goalkeeper Saves":{"home":"2","away":"1"},"Total passes":{"home":"427","away":"577"},"Passes accurate":{"home":"337","away":"482"},"Passes %":{"home":"79%","away":"84%"}}