{"Shots on Goal":{"home":"2","away":"5"},"Shots off Goal":{"home":"5","away":"4"},"Total Shots":{"home":"11","away":"12"},"Blocked Shots":{"home":"4","away":"3"},"Shots insidebox":{"home":"8","away":"9"},"Shots outsidebox":{"home":"3","away":"3"},"Fouls":{"home":"17","away":"14"},"Corner Kicks":{"home":"4","away":"4"},"Offsides":{"home":"0","away":"2"},"Ball Possession":{"home":"44%","away":"56%"},"Yellow Cards":{"home":"2","away":"4"},"Red Cards":{"home":"0","away":"1"},"Goalkeeper Saves":{"home":"2","away":"0"},"Total passes":{"home":"363","away":"443"},"Passes accurate":{"home":"250","away":"327"},"Passes %":{"home":"69%","away":"74%"}}