{"Shots on Goal":{"home":"4","away":"2"},"Shots off Goal":{"home":"6","away":"2"},"Total Shots":{"home":"16","away":"5"},"Blocked Shots":{"home":"6","away":"1"},"Shots insidebox":{"home":"12","away":"3"},"Shots outsidebox":{"home":"4","away":"2"},"Fouls":{"home":"11","away":"8"},"Corner Kicks":{"home":"9","away":"1"},"Offsides":{"home":"4","away":"1"},"Ball Possession":{"home":"58%","away":"42%"},"Yellow Cards":{"home":"0","away":"3"},"Red Cards":{"home":null,"away":null},"Goalkeeper Saves":{"home":"1","away":"3"},"Total passes":{"home":"517","away":"386"},"Passes accurate":{"home":"392","away":"265"},"Passes %":{"home":"76%","away":"69%"}}