{"Shots on Goal":{"home":"8","away":"2"},"Shots off Goal":{"home":"4","away":"6"},"Total Shots":{"home":"19","away":"13"},"Blocked Shots":{"home":"7","away":"5"},"Shots insidebox":{"home":"11","away":"4"},"Shots outsidebox":{"home":"8","away":"9"},"Fouls":{"home":"16","away":"11"},"Corner Kicks":{"home":"3","away":"5"},"Offsides":{"home":"2","away":"0"},"Ball Possession":{"home":"45%","away":"55%"},"Yellow Cards":{"home":"5","away":"4"},"Red Cards":{"home":null,"away":null},"Goalkeeper Saves":{"home":"1","away":"6"},"Total passes":{"home":"377","away":"476"},"Passes accurate":{"home":"279","away":"350"},"Passes %":{"home":"74%","away":"74%"}}