{"Shots on Goal":{"home":"4","away":"5"},"Shots off Goal":{"home":"5","away":"8"},"Total Shots":{"home":"9","away":"17"},"Blocked Shots":{"home":"0","away":"4"},"Shots insidebox":{"home":"8","away":"12"},"Shots outsidebox":{"home":"1","away":"5"},"Fouls":{"home":"12","away":"12"},"Corner Kicks":{"home":"6","away":"3"},"Offsides":{"home":"2","away":"2"},"Ball Possession":{"home":"51%","away":"49%"},"Yellow Cards":{"home":"0","away":"4"},"Red Cards":{"home":null,"away":null},"Goalkeeper Saves":{"home":"3","away":"1"},"Total passes":{"home":"487","away":"456"},"Passes accurate":{"home":"420","away":"387"},"Passes %":{"home":"86%","away":"85%"}}