{"Shots on Goal":{"home":"4","away":"1"},"Shots off Goal":{"home":"3","away":"2"},"Total Shots":{"home":"9","away":"5"},"Blocked Shots":{"home":"2","away":"2"},"Shots insidebox":{"home":"5","away":"1"},"Shots outsidebox":{"home":"4","away":"4"},"Fouls":{"home":"13","away":"12"},"Corner Kicks":{"home":"5","away":"2"},"Offsides":{"home":"0","away":"1"},"Ball Possession":{"home":"65%","away":"35%"},"Yellow Cards":{"home":"0","away":"3"},"Red Cards":{"home":null,"away":null},"Goalkeeper Saves":{"home":"0","away":"2"},"Total passes":{"home":"593","away":"311"},"Passes accurate":{"home":"505","away":"233"},"Passes %":{"home":"85%","away":"75%"}}