{"Shots on Goal":{"home":"3","away":"4"},"Shots off Goal":{"home":"2","away":"2"},"Total Shots":{"home":"6","away":"7"},"Blocked Shots":{"home":"1","away":"1"},"Shots insidebox":{"home":"4","away":"6"},"Shots outsidebox":{"home":"2","away":"1"},"Fouls":{"home":"14","away":"22"},"Corner Kicks":{"home":"1","away":"4"},"Offsides":{"home":"3","away":"1"},"Ball Possession":{"home":"42%","away":"58%"},"Yellow Cards":{"home":"2","away":"3"},"Red Cards":{"home":"0","away":"1"},"Goalkeeper Saves":{"home":"3","away":"1"},"Total passes":{"home":"362","away":"487"},"Passes accurate":{"home":"258","away":"381"},"Passes %":{"home":"71%","away":"78%"}}