{"Shots on Goal":{"home":"8","away":"2"},"Shots off Goal":{"home":"5","away":"0"},"Total Shots":{"home":"19","away":"2"},"Blocked Shots":{"home":"6","away":"0"},"Shots insidebox":{"home":"15","away":"1"},"Shots outsidebox":{"home":"4","away":"1"},"Fouls":{"home":"11","away":"6"},"Corner Kicks":{"home":"17","away":"5"},"Offsides":{"home":"2","away":"1"},"Ball Possession":{"home":"59%","away":"41%"},"Yellow Cards":{"home":"2","away":"1"},"Red Cards":{"home":"0","away":"1"},"Goalkeeper Saves":{"home":"0","away":"6"},"Total passes":{"home":"547","away":"380"},"Passes accurate":{"home":"479","away":"296"},"Passes %":{"home":"88%","away":"78%"}}