{"Shots on Goal":{"home":"5","away":"1"},"Shots off Goal":{"home":"7","away":"4"},"Total Shots":{"home":"14","away":"7"},"Blocked Shots":{"home":"2","away":"2"},"Shots insidebox":{"home":"10","away":"2"},"Shots outsidebox":{"home":"4","away":"5"},"Fouls":{"home":"4","away":"8"},"Corner Kicks":{"home":"3","away":"5"},"Offsides":{"home":"5","away":"1"},"Ball Possession":{"home":"29%","away":"71%"},"Yellow Cards":{"home":null,"away":null},"Red Cards":{"home":null,"away":null},"Goalkeeper Saves":{"home":"1","away":"2"},"Total passes":{"home":"300","away":"730"},"Passes accurate":{"home":"197","away":"618"},"Passes %":{"home":"66%","away":"85%"}}