{"Shots on Goal":{"home":"4","away":"4"},"Shots off Goal":{"home":"4","away":"4"},"Total Shots":{"home":"10","away":"12"},"Blocked Shots":{"home":"2","away":"4"},"Shots insidebox":{"home":"9","away":"8"},"Shots outsidebox":{"home":"1","away":"4"},"Fouls":{"home":"12","away":"8"},"Corner Kicks":{"home":"10","away":"5"},"Offsides":{"home":"1","away":"3"},"Ball Possession":{"home":"41%","away":"59%"},"Yellow Cards":{"home":null,"away":null},"Red Cards":{"home":null,"away":null},"Goalkeeper Saves":{"home":"4","away":"2"},"Total passes":{"home":"355","away":"518"},"Passes accurate":{"home":"265","away":"420"},"Passes %":{"home":"75%","away":"81%"}}