{"Shots on Goal":{"home":"1","away":"1"},"Shots off Goal":{"home":"7","away":"4"},"Total Shots":{"home":"11","away":"7"},"Blocked Shots":{"home":"3","away":"2"},"Shots insidebox":{"home":"5","away":"2"},"Shots outsidebox":{"home":"6","away":"5"},"Fouls":{"home":"4","away":"7"},"Corner Kicks":{"home":"2","away":"0"},"Offsides":{"home":null,"away":null},"Ball Possession":{"home":"43%","away":"57%"},"Yellow Cards":{"home":"1","away":"3"},"Red Cards":{"home":null,"away":null},"Goalkeeper Saves":{"home":"1","away":"1"},"Total passes":{"home":"458","away":"595"},"Passes accurate":{"home":"341","away":"492"},"Passes %":{"home":"74%","away":"83%"}}