{"Shots on Goal":{"home":"3","away":"7"},"Shots off Goal":{"home":"1","away":"3"},"Total Shots":{"home":"6","away":"14"},"Blocked Shots":{"home":"2","away":"4"},"Shots insidebox":{"home":"3","away":"11"},"Shots outsidebox":{"home":"3","away":"3"},"Fouls":{"home":"14","away":"15"},"Corner Kicks":{"home":"5","away":"8"},"Offsides":{"home":"0","away":"2"},"Ball Possession":{"home":"38%","away":"62%"},"Yellow Cards":{"home":"0","away":"3"},"Red Cards":{"home":"1","away":"0"},"Goalkeeper Saves":{"home":"6","away":"3"},"Total passes":{"home":"296","away":"497"},"Passes accurate":{"home":"204","away":"401"},"Passes %":{"home":"69%","away":"81%"}}