{"Shots on Goal":{"home":"6","away":"4"},"Shots off Goal":{"home":"2","away":"3"},"Total Shots":{"home":"12","away":"7"},"Blocked Shots":{"home":"4","away":"0"},"Shots insidebox":{"home":"8","away":"4"},"Shots outsidebox":{"home":"4","away":"3"},"Fouls":{"home":"11","away":"9"},"Corner Kicks":{"home":"2","away":"11"},"Offsides":{"home":"1","away":"2"},"Ball Possession":{"home":"27%","away":"73%"},"Yellow Cards":{"home":"2","away":"4"},"Red Cards":{"home":null,"away":null},"Goalkeeper Saves":{"home":"4","away":"4"},"Total passes":{"home":"292","away":"753"},"Passes accurate":{"home":"215","away":"671"},"Passes %":{"home":"74%","away":"89%"}}