{"Shots on Goal":{"home":"6","away":"4"},"Shots off Goal":{"home":"4","away":"0"},"Total Shots":{"home":"14","away":"6"},"Blocked Shots":{"home":"4","away":"2"},"Shots insidebox":{"home":"8","away":"5"},"Shots outsidebox":{"home":"6","away":"1"},"Fouls":{"home":"10","away":"12"},"Corner Kicks":{"home":"9","away":"4"},"Offsides":{"home":"1","away":"5"},"Ball Possession":{"home":"74%","away":"26%"},"Yellow Cards":{"home":"0","away":"1"},"Red Cards":{"home":null,"away":null},"Goalkeeper Saves":{"home":"2","away":"4"},"Total passes":{"home":"733","away":"246"},"Passes accurate":{"home":"622","away":"148"},"Passes %":{"home":"85%","away":"60%"}}